기준일자 : 2020.10.12,,,,,,,,,,,,,,,,,,,,,,,,,,,,,,,,,,,,,,,,,,,,,,,,,,,,,,
날짜,경향신문(01100101),국민일보(01100201),내일신문(01100301),동아일보(01100401),문화일보(01100501),서울신문(01100611),세계일보(01100701),조선일보(01100801),중앙일보(01100901),한겨레(01101001),한국일보(01101101),경기일보(01200101),경인일보(01200201),강원도민일보(01300101),강원일보(01300201),대전일보(01400201),중도일보(01400351),중부매일(01400401),중부일보(01400501),충북일보(01400551),충청일보(01400601),충청투데이(01400701),경남신문(01500051),경남도민일보(01500151),경상일보(01500301),국제신문(01500401),대구일보(01500501),매일신문(01500601),부산일보(01500701),영남일보(01500801),울산매일(01500901),광주매일신문(01600201),광주일보(01600301),무등일보(01600501),전남일보(01600801),전북도민일보(01601001),전북일보(01601101),제민일보(01700101),한라일보(01700201),매일경제(02100101),머니투데이(02100201),서울경제(02100311),파이낸셜뉴스(02100501),한국경제(02100601),헤럴드경제(02100701),아시아경제(02100801),아주경제(02100851),전자신문(07100501),디지털타임스(07101201),KBS(08100101),MBC(08100201),SBS(08100301),YTN(08100401),OBS(08200101)
1990.01,1513,1644,,,,1561,1598,,,1273,1493,1682,,,,,,756,,,,,,,,,,,3325,,,,,2996,,,2287,,,,,,,,,,,,,,,,,
1990.02,1519,1682,,,,1628,1672,,,1328,1688,2092,,,,,,2382,,,,,,,,,,,3190,,,,,3580,,,2228,,,,,,,,,,,,,,,,,
1990.03,1801,1960,,,,2022,1979,,,1483,1876,1266,8470,,,,,2847,,,,,,,,,,,3704,,,,,4278,,,2546,,,,,,,,,,,,,,,,,
1990.04,1569,1702,,,,1810,1652,,,1381,1708,3132,8190,,,,,2434,,,,,,,,,,,3341,,,,,3699,,,2234,,,,,,,,,,,,,,,,,
1990.05,1769,1871,,,,1869,1857,,,1433,1884,3370,8816,,,,,2848,,,,,,,,,,,3839,,,,,3936,,,2656,,,,,,,,,,,,,,,,,
1990.06,1666,1853,,,,1977,1898,,,1800,1926,3473,8008,,,,,3239,,,,2053,,,,,,,3709,,,,,3840,,,2229,,,,,,,,,,,,,,,,,
1990.07,1632,1797,,,,1996,1740,,,1691,1902,3409,8705,,,,,3327,,,,3174,,,,,,,3558,,,,,3789,,,2292,,,,,,,,,,,,,,,,,
1990.08,1631,1808,,,,1981,1832,,,1663,1885,3507,8439,,,,,3462,,,,3435,,,,,,,3902,,,,,3857,,,2524,,,,,,,,,,,,,,,,,
1990.09,1457,1500,,,,1822,1726,,,1585,1812,3233,7180,,,,,3176,,,,3209,,,,,,,3264,,,,,3622,,,2072,,,,,,,,,,,,,,,,,
1990.10,1620,1495,,,,1840,1624,,,1529,1769,3298,7764,,,,,2934,,,,3284,,,,,,,3533,,,,,,,,2101,,,,,,,,,,,,,,,,,
1990.11,1684,1586,,,,1936,1694,,,1651,1940,3094,7446,,,,,3286,,,,3524,,,,,,,3598,,,,,,,,2129,,,,,,,,,,,,,,,,,
1990.12,1629,1525,,,,2014,1704,,,1718,1912,3192,7301,,,,,3258,,,,3394,,,,,,,3853,,,,,,,,1765,,,,,,,,,,,,,,,,,
1991.01,1527,1488,,,,1774,1554,,,1575,1661,3091,7584,,,,,2882,,,,3168,,,,,,,3404,,,,,,,,2181,,,,,,,,,,,,,,,,,
1991.02,1277,1258,,,,1612,1308,,,1347,1495,2817,6272,,,,,2547,,,,2798,,,,,,,2756,,,,,,,,1765,,,,,,,,,,,,,,,,,
1991.03,1702,1521,,,,2081,1767,,,1751,1801,3176,7427,,,,,2890,,,,3484,,,,,,,3450,,,,,,,,1988,,,,,,,,,,,,,,,,,
1991.04,2001,1559,,,,2025,1626,,,1551,1767,3303,7079,,,,,2716,,,,3301,,,,,,,3512,,,,,,,,1952,,,,,,,,,,,,,,,,,
1991.05,2047,1632,,,,2035,1756,,,1574,1800,3426,7242,,,,,2996,,,,3675,,,,,,,3620,,,,,,,,2252,,,,,,,,,,,,,,,,,
1991.06,2135,1508,,,,1937,1796,,,1605,1864,3135,6631,,,,,2600,,,,3434,,,,,,,3484,,,,,,,2713,1953,,,,,,,,,,,,,,,,,
1991.07,2101,1640,,,,1848,1834,,,1643,1907,3372,7582,,,,,2833,,,,3491,,,,,,,3967,,,,,,,2795,3034,,,,,,,,,,,,,,,,,
1991.08,1889,1624,,,,1817,1751,,,1638,1774,3269,7442,,,,,2917,,,,3646,,,,,,,3774,,,,,,,2839,3005,,,,,,,,,,,,,,,,,
1991.09,1938,1428,,,,1696,1753,,,1437,1649,3033,6336,,,,,2925,,,,3329,,,,,,,3293,,,,,,,2396,2647,,,,,,,,,,,,,,,,,
1991.10,2115,1637,,,,1884,1816,,,1556,1890,3452,6895,,,,,2874,,,,3571,,,,,,,3699,,,,,,,2837,3235,,,,,,,,,,,,,,,,,
1991.11,2017,1618,,,2037,1886,1809,,,1536,1847,3341,6860,,,,,3270,,,,3681,,,,,,,4150,,,,,,,2649,2878,,,,,,,,,,,,,,,,,
1991.12,2207,1532,,,2718,1900,1880,,,1540,2094,3582,6505,,,,,3186,,,,3821,,,,,,,3611,,,,,,,2563,2782,,,,,,,,,,,,,,,,,
1992.01,2058,1928,,,2687,1994,2291,,,1758,2383,3557,2848,,,,,3083,,,,3547,,,,,,,4150,,,,,,,2473,2563,,,,,,,3347,,,,,,,,,,
1992.02,1909,1732,,,1853,2133,2250,,,1748,2160,3106,2716,,,,,2786,,,,3177,,,,,,,3843,,,,,,,2088,1982,,,,,,,3214,,,,,,,,,,
1992.03,1976,1831,,,2873,2373,2503,,,1940,2293,3677,3182,,,,,3367,,,,3429,,,,,,,3301,,,,,,,2505,2253,,,,,,,3646,,,,,,,,,,
1992.04,1999,1876,,,2895,2428,2533,,,1939,1695,3837,3181,,,,,3310,,,,3579,,,,,,,3396,,,,,,,2436,2442,,,,,,,3693,,,,,,,,,,
1992.05,1955,1894,,,3077,2410,2515,,,1983,1726,3711,3044,,,,,3119,,,,3516,,,,,,,3623,,,,,,,2651,5595,,,,,,,3954,,,,,,,,,,
1992.06,2042,2109,,,2967,2322,2561,,,1974,1810,4121,3607,,,,,3203,,,,3316,,,,,,,4547,,,,,,,2365,5644,,,,,,,3967,,,,,,,,,,
1992.07,2005,2066,,,3060,2439,2545,,,2047,1684,4074,3750,,,,,3335,,,,3657,,,,,,,4614,,,,,,,2626,5651,,,,,,,4056,,,,,,,,,,
1992.08,1949,1967,,,2978,2432,2411,,,1926,1719,3646,3497,,,,,2696,,,,3294,,,,,,,3202,,,,,,,2514,5574,,,,,,,3717,,,,,,,,,,
1992.09,1770,1756,,,2717,2392,2193,,,1826,1631,3469,1937,,,,,3053,,,,3312,,,,,,,3957,,,,,,,2586,5170,,,,,,,3604,,,,,,,,,,
1992.10,2003,2045,,,2774,2455,2530,,,2037,1810,3056,2561,,,,,3354,,,,3855,,,,,,,3726,,,,,,,2673,5550,,,,,,,3984,,,,,,,,,,
1992.11,1944,1839,,,2874,2446,2263,,,2058,1754,3411,2644,298,,,,3074,,,,3406,,,,,,,3979,,,,,,,2650,5387,,,,,,,3784,,,,,,,,,,
1992.12,2038,1883,,,2973,2577,2316,,,2097,1796,3206,2739,2493,,,,3289,,,,3773,,,,,,,3781,,,,,,,2719,5021,,,,,,,4101,,,,,,,,,,
1993.01,1815,2307,,,2456,2355,2169,,,1641,1534,2928,2697,2036,,,,2608,,,,3392,,,,,,,3043,,,,,,,3019,5101,,,,,,,3567,,,,,,,,,,
1993.02,1946,2348,,,2852,2511,2389,,,2014,1661,3485,2943,2122,,,,3088,,,,3479,,,,,,,3560,,,,,,,2914,5189,,,,,,,3643,,,,,,,,,,
1993.03,2170,2641,,,3206,2786,2650,,,2457,1866,3899,3004,2257,,,,3196,,,,3297,,,,,,,3545,,,,,,,3081,5825,,,,,,,3845,,,,,,,,,,
1993.04,2189,2218,,,3017,2883,2519,,,2178,1953,3899,3547,2868,,,,3069,,,,,,,,,,,3637,,,,,,,3075,5504,,,,,,,4181,,,,,,,,,,
1993.05,1916,2240,,,2909,2504,2594,,,2063,1971,3610,3464,2781,,,,2613,,,,,,,,,,,3363,,,,,,,3227,2901,,,,,,,4208,,,,,,,,,,
1993.06,2265,2304,,,3198,2573,2544,,,2145,1874,3605,3234,2843,,,,3018,,,,,,,,,,,4387,,,,,,,3270,2994,,,,,,,4418,,,,,,,,,,
1993.07,2281,2371,,,3220,2593,2556,,,2106,1880,3819,3599,3082,,,,2863,,,,,,,,,,,4123,,,,,,,3268,6231,,,,,,,4271,,,,,,,,,,
1993.08,2094,2185,,,3007,2334,2341,,,2102,1830,3589,3588,2828,,,,2739,,,,,,,,,,,3133,,,,,,,3124,5883,,,,,,,4020,,,,,,,,,,
1993.09,2086,1975,,,2913,2311,2446,,,2180,1766,3487,3139,2632,,,,3070,,,,,,,,,,,3111,,,,,,,3321,5820,,,,,,,4267,,,,,,,,,,
1993.10,2086,2109,,,3024,2322,2418,,,2200,2166,3369,3307,3603,,,,2892,,,,,,,,,,,2707,,,,,,,2966,5248,,,,,,,4166,,,,,,,,,,
1993.11,2072,2341,,,3094,2392,2416,,,2282,2072,3811,2931,3204,,,,3221,,,,,,,,,,,3336,,,,,,,3093,5843,,,,,,,4207,,,,,,,,,,
1993.12,2332,2269,,,2931,2486,2485,,,2257,2246,3847,3064,3527,,,,3680,,,,,,,,,,,3232,,,,,,,3244,5306,,,,,,,4479,,,,,,,,,,
1994.01,2325,2381,,,2665,2298,2427,,,2272,2233,3644,,3611,,,,2564,,,,,,,,,,,4097,,,,,,,3200,5678,,,,,3250,,4443,,,,1423,,,,,,
1994.02,2073,1996,,,2329,2199,2265,,,1970,2126,3107,2577,2919,,,,1303,,,,,,,,,,,3570,,,,,,,2821,4511,,,,,3037,,4072,,,,1174,,,,,,
1994.03,2468,2541,,,3326,2641,2626,,,2506,2444,3840,2869,3835,,,,2575,,,,,,,,,,,4368,,,,,,,3489,5584,,,,,3912,,4917,,,,1436,,,,,,
1994.04,2477,2409,,,3041,2492,2541,,,2285,2339,3922,2264,3348,,,,2898,,,,,,,,,,,4093,,,,,,,2238,2373,,,,,3744,,4788,,,,1824,,,,,,
1994.05,2606,2545,,,3026,2638,2704,,,2367,2440,,2711,3472,,,,1830,,,,,,,,,,,4356,,,,,,,3108,5104,,,,,3759,,4845,,,,1544,,,,,,
1994.06,2444,2496,,,3122,2503,2472,,,2336,2218,,3276,3174,,,,2596,,,,,,,,,,,4417,,,,,,,3047,4687,,,,,3706,,4881,,,,1745,,,,,,
1994.07,2431,2612,,,3241,2590,2702,,,2267,2300,,2979,3315,,,,2420,,,,,,,,3991,,,4353,,,,,,,3048,4989,,,,,3864,,5197,,,,1723,,,,,,
1994.08,2467,2635,,,3291,2624,2641,,,2329,2358,,2628,2955,,,,2514,,,,,,,,4464,,,5300,,,,,,,2952,5610,,,,,3714,,4859,,,,1818,,,,,,
1994.09,2321,2304,,,3024,2482,2452,,,2277,2379,,2562,2958,,,3741,2178,,,,,,,,3681,,,4618,,,,,,,2941,4959,,,,,3548,,5064,,,,1389,,,,,,
1994.10,2323,2452,,,3283,2607,2587,,,2284,2253,,3572,3306,,,4129,2075,,,,,,,,4158,,,4917,,,,,,,2877,5285,,,,,3715,,4989,4040,,,1788,,,,,,
1994.11,2354,2537,,,3034,2525,2515,,,2332,2286,,3584,3330,,,4457,2911,,,,,,,,4307,,,5078,,,,,,,2935,5422,,,,,3629,,5151,3690,,,2061,,,,,,
1994.12,2525,2298,,,,2576,2611,,,2297,2323,,3387,3532,,,4318,1906,,,,,,,,4341,,,4920,,,,,,,2880,5487,,,,,3781,,5455,4001,,,2169,,,,,,
1995.01,2321,2195,,,3354,2268,2373,,,2283,2122,,2834,3279,,,3659,2815,,,,,,,,4021,,,4302,,,,,,,2569,6199,,,2060,,3847,,2707,3211,,,1947,,,,,,
1995.02,2403,2267,,,3545,2326,2391,,,2175,2379,,2824,3309,,,3557,2217,,,,,,,,3963,,,4345,,,,,,,2575,4064,,,2583,,3934,,2888,3674,,,1881,,,,,,
1995.03,2573,2288,,,4256,2429,2757,,,2582,2673,,3581,3921,,,3839,2959,,,,,,,,4653,,,4912,,,,,,,3092,6811,,,2600,,4261,,3478,3829,,,2279,,,,,,
1995.04,2406,2090,,,3841,2285,2756,,,2467,2731,,3099,3663,,,3618,2766,,,,,,,,4077,,,4382,,,,,,,2830,6626,,,2738,,3819,,2824,3695,,,1905,,,,,,
1995.05,2578,2288,,,4259,2351,2957,,,2489,2973,,3282,3828,,,3719,3459,,,,,,,,4587,,,5080,,,,,,,2778,6644,,,2937,,4218,,2890,3937,,,2269,,,,,,
1995.06,2481,2061,,,4021,2158,2790,,,2227,2734,,2993,3588,,,3560,3271,,,,,,,,4571,,,4836,,,,,,,2345,6023,,,2926,,4088,,2999,3525,,,2173,,,,,,
1995.07,2518,1997,,,3882,2178,2704,,,2365,2570,,3236,3763,,,3737,3230,,,,,,,,4723,,,4660,,,,,,,2775,6688,,,2903,,4170,,3365,3764,,,2079,,,,,,
1995.08,2548,2215,,,4085,2268,2980,,,2377,2694,,2708,3642,,,3828,3566,,,,,,,,4874,,,4860,,,,,,,2728,6732,,,2796,,4223,,3208,4088,,,2277,,,,,,
1995.09,2580,2029,,,3928,2266,2886,,,2463,2708,,2577,3494,,,3325,3439,,,,,,,,4560,,,4388,,,,,,,2748,5870,,,3033,,4010,,2931,3261,,,1691,,,,,,
1995.10,2464,2098,,,4066,2285,2900,,,2444,2704,,3226,3788,,,3472,3316,,,,,,,,4793,,,4623,,,,,,,2787,6064,,,2993,,4156,,3070,3562,,,1791,,,,,,
1995.11,2229,2075,,,3246,2216,2693,,,2220,2630,,3377,3578,,,3410,3671,,,,,,,,4229,,,4509,,,,,,,2723,6292,,,2836,,4080,,3203,3958,,,2267,,,,,,
1995.12,2403,1988,,,4015,2254,2915,,,2279,2688,,3770,3479,,,3235,3607,,,,,,,,4172,,,4265,,,,,,,2895,5865,,,3173,,3857,,3224,3723,,,2042,,,,,,
1996.01,2592,2413,,,,2297,2862,,,2300,2747,,6477,3389,,,,3960,,,,,,,,,,5572,4081,,,,,,,2754,3976,,,3501,,4041,,3122,3724,,,2102,,,,,,
1996.02,2611,2262,,,,2297,2932,,,2441,2929,,5964,3210,,,,3694,,,,,,,,,,5057,3425,,,,,,,2432,3349,,,3297,,3775,,2931,3327,,,2055,,,,,,
1996.03,2552,2431,,,,2414,3198,,,2547,3152,,7439,4089,,,,4420,,,,,,,,,,5622,4082,,,,,,,2392,4440,,,3195,,4107,,3244,3920,,,2283,,,,,,
1996.04,2444,2275,,,,2262,2970,,,2427,3074,,6880,3898,,,,4008,,,,,,,,,,5493,3839,,,,,,3614,2331,5215,,,3454,,4003,,3010,3759,,,2397,,,,,,
1996.05,2694,2621,,,,2449,3194,,,2717,3155,,7233,3597,,,,4486,,,,,,,,,,6520,4333,,,,,,4243,2995,3686,,,3380,,4745,,3355,3773,,,2622,,,,,,
1996.06,2676,2408,,,,2345,3100,,,2775,3037,,7188,3616,,,,4252,,,,,,,,,,5780,3879,,,,,,3688,2809,3484,,,3065,,4289,,3295,3984,,,2258,,,,,,
1996.07,2600,2536,,,,2555,3250,,,2613,3094,,7894,3639,,,,4247,,,,,,,,,,6362,4489,,,,,,3880,2732,4381,,,3258,,4454,,3462,4337,,,2663,,,,,,
1996.08,2557,2424,,,,2530,3226,,,2744,2930,,7693,3597,,,,4170,,,,,,,,,,5782,4377,,,,,,3897,2782,3872,,,3344,,,,3223,4463,,,2434,,,,,,
1996.09,2395,2013,,,,2345,2981,,,2538,2775,,5915,2739,,,,3384,,,,,,,,,,5199,3491,,,,,,3288,2250,3041,,,2924,,,,2986,3647,,,2040,,,,,,
1996.10,2718,2515,,,,2620,3235,,,2569,2996,,7987,3516,,,,4189,,,,,,,,,,6026,4397,,,,,,4196,2828,3830,,,3530,,2926,,3695,4160,,,2493,,,,,,
1996.11,2709,2403,,,,2568,3064,,,2728,3018,,7207,3311,,,,3335,,,,,,,,,,5768,4051,,,,,,3913,2620,3757,,,3098,,3178,,3471,4005,,,2542,,,,,,
1996.12,2712,2142,,,2249,2393,3138,,,2538,2960,,6968,3783,,,,3739,,,,,3520,,,,,5299,4434,,,,,,3684,2873,3102,,,3037,,3107,,3524,3866,,,2280,,,,,,
1997.01,2841,2618,,,2774,2504,3101,,,2571,2917,,7293,4401,,,,3448,,,,,4157,,,,,1544,4471,,,,,,3872,2798,3717,,,3321,,3089,,3402,3408,,,2380,,916,,,,
1997.02,2531,2116,,,2370,2174,2555,,,2281,2660,,6229,3292,,,,3167,,,,,3388,,,,,4614,3804,,,,,,3308,2393,5667,,,3174,,2759,,3068,2673,,,2214,,867,,,,
1997.03,2798,2406,,,2891,2467,2826,,,2560,3075,,6736,3877,,,,3884,,,,,3578,,,,,5492,4804,,,,,,3901,2784,3093,,,3393,,3153,,3469,2633,,,2620,,972,,,,
1997.04,2646,2441,,,2771,2435,2914,,,2493,2896,,3628,4109,,,,3780,,,,,3913,,,,,5313,4742,,,,,,3769,2990,3167,,,3435,,3069,,3271,3678,,,2627,,974,569,,,
1997.05,2775,2563,,,2949,2513,3175,,,2479,3080,,4071,4346,,,,4091,,,,,4100,,,,,5408,5348,,,,,,3946,3251,5881,,,3406,,3197,,3376,3954,,,2533,,964,757,,,
1997.06,2472,2348,,,2690,2433,2738,,,2245,2692,,3733,3584,,,,3813,,,,,4000,,,,,5494,4700,,,,,,3850,2833,3517,,,3476,,2862,,3386,3741,,,2489,,902,722,,,
1997.07,2542,2497,,,2904,2538,2922,,,2480,3092,,7584,4251,,,,4238,,,,,4030,,,,,5959,5030,,,,,,3795,3059,3553,,,3604,,3220,,3950,3475,,,2688,,855,645,,,
1997.08,2495,2278,,,2757,2525,2657,,,2411,3018,,6985,3558,,,,4048,,,,,4005,,,,,5812,4898,,,,,,3759,3137,3937,,,3369,,3052,,3458,3106,,,2429,,864,721,474,,
1997.09,2360,2104,,,2434,2299,2597,,,2336,2750,,6079,2802,,,,3584,,,,,3554,,,,,5373,4299,,,,,,3531,2864,3739,1728,,3190,,2801,,3461,3487,,,2211,,898,606,550,,
1997.10,2698,2573,,,2778,2661,2819,,,2475,3118,,7506,4227,,,,3881,,,,,3712,,,,,6293,4761,,,,,,4181,3113,3835,3112,,3586,,3159,,3863,4043,,,2830,,846,708,657,,
1997.11,2458,2285,,,2455,2279,2685,,,2559,2876,,6822,3565,,,,3813,,,,,3435,,,,,5704,3980,,,,,,3903,3000,3170,2416,,3082,,2820,,3626,3603,,,2757,,891,641,726,,
1997.12,2431,2199,,,2355,2500,3004,,,2749,3227,,6655,4089,,,,3498,,,,,3581,,,,,5543,4534,,,,,,3884,2799,2928,2950,,3246,,2921,,3280,3472,,,2761,,965,651,717,,
1998.01,2395,2074,,,2096,2348,2656,,,2179,2585,,5997,2935,,,,2439,,,,,2841,,,,,4892,3686,,,,,,2882,2005,2909,2498,,5436,,,,5037,2927,,,2214,,974,663,819,,
1998.02,2326,2096,,,2221,2157,2743,,,2240,2557,,6740,3553,,,,2289,,,,,3269,,,,,5289,4454,,,,,,3227,2394,2981,2602,,6442,,,,5600,3446,,,2563,,872,648,699,,
1998.03,2451,2021,,,2515,2380,2789,,,2486,2899,,7128,3804,,,,2372,,,,,3336,,,,,5545,4926,,,,,,3291,2630,3443,2390,,7491,,,,5992,3389,,,3115,,1006,673,724,,
1998.04,2472,2681,,,2577,2484,2635,,,2616,2891,,6869,3896,,,,2354,,,,,3303,,,,,5735,4589,,,,,,2926,2462,3153,2484,,7375,,,,6527,3612,,,2969,,1033,777,745,,
1998.05,2328,2598,,,2482,2287,2515,,,2518,2863,,6379,3250,,,,2224,,,,,3243,,,,,5067,4361,,,,,,3010,2707,5338,2626,,7071,,,,5403,3050,,,2981,,1017,800,724,,
1998.06,2357,2669,,,2353,2299,2474,,,2505,2853,,6854,3244,,,,2237,,,,,3509,,,,,5728,4523,,,,,,3300,2709,6019,2582,,7310,,,,6315,2697,,,3017,,868,765,686,,
1998.07,2447,2769,,,2450,2168,2667,,,2645,2667,,7205,3746,,,,2342,,,,,3659,,,,,6132,4675,,,,,,3432,2103,3883,2550,,7520,,,,4910,3312,,,3108,,963,835,709,,
1998.08,2205,2530,,,2389,2025,2397,,,2505,2488,,6272,3703,,,,2224,,,,3329,3543,,,4699,,5404,4080,,,,,,3480,2707,6067,2521,,6695,,,,6871,2800,,,2877,,1012,854,723,,
1998.09,2270,2553,,,2376,2065,2493,,,2639,2698,,6598,3890,,,,2279,,,,3463,3430,,,4410,,4906,3850,,,,,,3389,2831,3754,2582,,8164,,3772,,5800,3045,,,2975,,946,847,678,,
1998.10,2247,2420,,,2265,2053,2425,,,2500,2585,,6188,3597,,,,2210,,,,3360,3389,,,4276,,4861,3710,,,,,,3298,2778,3166,2457,,7233,,5872,,6501,3264,,,2690,,1010,876,744,,
1998.11,2207,2575,,,2295,1770,2297,,,2487,2526,,6567,3587,,,,2302,,,,3414,3104,,,4076,,4843,3753,,,,,,3276,2729,3566,2589,,6671,,4751,,6267,3294,,,2817,,970,859,732,,
1998.12,2307,2772,,,2312,1970,2482,,,2707,2748,,6548,3650,,,,2363,,,,3622,2991,,,4869,,4926,4094,,,,,,3399,2913,3376,2740,,7824,,3980,,6383,3373,,,2821,,1038,875,752,,
1999.01,3387,3101,,,3246,2617,2191,,,3543,2743,,4147,3539,,,,2277,,,,3312,3004,,,4043,,4642,4488,,,,,,3293,2710,2979,2497,,8326,,3594,,5455,3064,,,2756,,1071,950,705,,
1999.02,2734,2625,,,2326,2020,1765,,,2752,2176,,3284,2790,,,,1942,,,,3017,2576,,,3503,,4119,3930,,,,,,2827,2752,2714,1985,,6861,,3081,,5731,2795,,,2361,,1029,960,613,,
1999.03,2933,3219,,,2838,2504,2340,,,3131,2742,,4278,3735,,,,2623,,,,3572,3269,,,4318,,5231,5043,,,,,,3729,3108,3203,1884,,9117,,3980,,,3529,,,3021,,1125,1000,721,,
1999.04,2722,3029,,,2705,2404,2126,,,2894,3045,,4384,1186,,,,2587,,,,3554,3189,,,4031,,5075,5284,,,,,,3423,2178,3037,2383,,9422,,3379,,,3462,,,2849,,1010,962,667,,
1999.05,2730,2978,,,2404,2441,2243,,,3103,2926,,4034,236,,,,2458,,,,3407,3384,1997,,3843,,5107,4902,,,,,,3505,3245,3128,2696,,8600,,3672,,,2963,,,2962,,1130,1020,692,,
1999.06,2735,3202,,,2656,2559,2139,,,3267,3047,,4115,3454,,,,2348,,,,3401,3498,3001,,3810,,2526,5092,,,,,,3523,3250,3160,2695,,8393,,4539,,,3422,,,3057,,1114,945,680,,
1999.07,2881,3092,,,2814,2612,2401,,,3232,3033,,5104,3665,,,,2167,1553,,,3507,3438,3172,,3876,,1852,5075,,,,,,3869,3089,3592,2932,,8069,,4317,,5364,3260,,,2802,,1115,928,699,,
1999.08,2737,2805,,,2790,2685,2203,,,3182,2791,,4016,3443,,,,2404,1500,,,2981,3282,3104,,3455,,2560,4771,,,,,,3367,2142,3342,3045,3443,7619,,3618,,5467,3205,,,2810,,1191,1014,743,,
1999.09,2841,2596,,,2602,2563,2252,,,2970,2637,,3950,3156,,,,2123,1430,,,3249,2760,2808,,3676,,1678,4588,,,,,,,2976,3110,2657,2985,7072,,2946,,4222,2798,,,2679,,1084,923,671,,
1999.10,2900,2947,,,2895,2716,2587,,,3108,2815,,5331,3691,,,,2507,1526,,,3688,3200,3093,,4029,,1153,5228,,,,,,3672,3088,3506,2646,3245,8441,,3344,,4962,3459,,,3591,,1076,966,686,,
1999.11,2952,3262,,,2824,2812,2629,,,3064,2531,,5709,3493,,,,2531,1542,,,3678,3956,2836,,3698,,1529,4999,,,,,,3850,2901,4232,3049,3143,8221,,3930,,8400,3126,,,3624,,1111,943,663,,
1999.12,3307,3320,,,2693,2753,2805,,,3012,2842,,6286,3752,,,,2565,1613,,,3996,4113,3118,,3489,,1178,5006,,,,,,3734,3844,4255,3101,3038,8463,,4699,,9780,3387,,,3673,,1076,869,686,,
2000.01,3168,3114,,,3049,2933,2857,,,3142,3035,,4929,3323,,,3220,2247,1585,,,3930,4113,2904,,3352,,1961,5217,,,,,,3856,3521,5419,3051,3820,7772,,3918,,9497,2973,,,3426,,908,848,662,,
2000.02,3238,3227,,,2785,2699,2576,,,3105,3007,,4650,3232,,3421,2949,2095,1431,,,3772,3891,2831,,3349,,2596,4935,,,,,,3641,3219,7038,2616,3627,7740,,4359,,10879,3867,,,3688,839,894,773,584,,
2000.03,3654,3748,,,3194,3265,3318,,,4027,3523,,,3832,,3841,3582,2723,1570,,,4340,4390,2997,,4112,,2857,5421,,,,,,4213,3643,4198,2938,3953,9614,,4955,,6509,5749,,,5033,3332,826,628,640,,
2000.04,2983,2860,,,2546,2650,2549,,,3131,2637,,4679,2885,,3450,2996,2260,1563,,,3778,3856,2655,,3565,,2572,5175,,,,,,3812,,7146,2595,3474,8721,,3911,,8938,5098,,,4228,3304,769,646,623,,
2000.05,3847,4145,,,3230,3447,3141,,,3952,2833,,5540,3618,,3846,3273,2438,1542,,,3742,4047,2964,,3425,,2498,5449,,,,,,4191,3674,4212,2983,3941,11417,,3641,,9154,4478,,,4420,3578,784,823,646,,
2000.06,3561,3708,,,3045,3324,2984,,,3694,2946,,6894,3495,,3294,3456,2321,1641,,,3578,3826,2888,,3410,,3808,5125,,,,,,3912,3445,3746,2989,3967,12037,,3193,1432,8436,4906,,,4188,3391,814,944,650,,
2000.07,3608,3772,,,3158,3311,3057,,,3812,2753,,6066,3643,,3582,3509,2499,1615,,,3518,4034,2859,,3472,,4033,5379,,,,,,3305,3494,3934,3035,3997,11063,,3132,5151,9033,4817,,,4208,3444,813,696,607,,
2000.08,3339,3630,,,3101,3474,3101,,,3716,2663,,5216,3632,,3686,3386,2612,1599,,,3679,4117,3006,,3683,,1414,5445,,,,,,2827,3716,3913,3279,3921,10617,,3351,5584,8250,4739,,,4336,3887,918,1129,672,,
2000.09,2881,3295,,,2555,3125,2896,,,3759,2578,,4096,3012,,3341,2942,2123,1315,,,3345,3552,2352,,3245,,1539,4708,,,,,,2352,3053,4979,2451,3437,9550,,2217,4826,7336,4711,,,3809,3286,780,721,568,,
2000.10,3292,3909,,,2937,3424,3339,,,3722,2533,,4872,3733,,3673,3403,2332,1395,,,3630,3778,3293,,3464,,3766,5220,,,,,,2509,3133,4017,2824,3662,10814,,3021,5362,8194,4935,,,4649,3710,782,958,651,,
2000.11,3102,3749,,,3102,3333,3228,,,3571,2420,,4612,3834,,3362,3277,2516,1421,,,3644,3765,3306,,3362,,3777,5289,,,,,,2803,3149,2697,3313,3562,20185,,3205,5217,8101,5872,,,4910,3606,786,1038,626,,
2000.12,3136,3523,,,2914,3188,3272,,,3347,2397,,4052,3999,,3501,3393,2299,1374,,,3559,3819,3311,,3365,,1017,5143,,,,,,2565,3043,4515,3137,3385,17361,,3879,5097,8261,5306,,,4474,3390,827,910,665,,
2001.01,3061,2839,,,2860,2851,3140,,,3283,2425,,3911,3539,,3267,3185,2209,1397,,,3218,3514,2953,,3256,,3647,5120,,,,,2429,2699,2631,4657,3253,3347,19375,,3436,4459,7110,4195,,,4294,3200,821,974,675,,
2001.02,2922,2484,,,3062,2944,3215,,,3519,2531,,4414,3663,,3428,2970,1990,1329,,,3292,3654,3159,,3362,,3069,5046,,,,,2756,2398,2608,3469,3524,3414,20179,,3583,4455,7822,3884,,,4671,3250,741,862,613,,
2001.03,3325,3599,,,3645,3314,3750,,,3676,2934,,4748,4183,,3840,3343,2436,1489,,,3687,4171,3611,,3915,,4298,5646,,,,,3039,3399,3401,4049,3753,3743,19858,,4122,4806,8948,4448,,,5260,3765,823,880,653,,
2001.04,3206,3395,,,3332,3093,3316,,,3432,2860,,4545,3894,,3501,3066,2264,1306,,,3315,3552,3075,,3731,,3960,5245,,,,,2604,2633,2553,3267,2910,3330,8404,,3492,4450,7990,3953,,,5180,3571,823,899,624,,
2001.05,3456,3738,,,3545,3339,3445,,,3770,2993,,5071,4357,,3825,3473,2510,1421,,,3548,3904,3486,,3847,,4062,5573,4425,,,,2954,3273,3104,5686,2780,3524,9240,,3862,5194,9420,4231,,,5146,3674,917,925,621,,
2001.06,3250,3751,,,3458,3296,3024,,,3634,2971,,5681,5336,,3307,3166,2382,1494,,,3687,3685,3478,,3869,,4060,5461,4124,,,,2704,3058,3061,3883,2853,3660,7719,,3845,4903,8514,4008,,,4375,3326,880,933,613,,
2001.07,3425,3715,,,3436,3205,3171,,,3272,2984,,4956,8445,,3307,3092,2453,1487,,,3655,3943,3430,,3845,,4156,5200,4307,,,4060,2648,,3025,3983,2543,,8806,,3930,4711,7571,5167,,,3952,3278,919,971,632,,
2001.08,3440,3783,,,3446,3307,3426,,,3445,2983,,5319,8242,,3244,3308,2523,1458,,,3596,4081,3595,,4012,,4381,5481,4522,,,4056,2611,,2929,4395,1878,,8824,,3360,5121,7922,5565,,,4869,3406,870,945,762,,
2001.09,2983,3329,,,3139,2989,2974,,,3147,2999,,4686,7968,,2667,3009,2471,1456,,,3268,3705,3343,,3382,,3979,4929,4102,,,3795,2449,,2958,3858,1235,,8767,,3715,4756,7754,4126,,,4880,3352,908,845,634,,
2001.10,3120,3261,,,3038,2824,2881,,,3357,3015,,4729,6432,,2816,2783,2302,1399,,,2213,2317,3031,,3147,,3705,4971,2284,,,3560,2358,,2770,3810,1550,,9563,,3627,4616,7604,4786,,,4574,3344,885,906,609,,
2001.11,3281,3482,,,3314,3050,3092,,,3522,3372,,6468,7558,,2886,2953,2493,1551,,,,,3406,,3340,,4067,5032,4229,,,3233,2319,2591,2877,4270,1556,,10743,9444,3333,5801,8237,5256,,,5032,3632,846,909,622,,
2001.12,3332,3391,,,3180,3133,3374,,,3620,3255,,5144,8193,,2599,2985,2322,1817,,,2769,,3426,,3408,,3907,4704,3954,,,3322,2640,2321,3000,5186,1487,,10555,7598,3127,5557,7692,4911,,,4457,3408,862,921,672,,
2002.01,3270,3777,,,3468,3176,3242,,,3539,3498,,6052,8092,,2671,3324,2110,1779,,,4120,3700,3439,,3651,,4078,5082,4198,,,3735,2602,2412,3093,7290,3190,,9524,9486,3131,5319,7680,5561,,,4823,3545,867,935,700,,
2002.02,2702,3034,,,2609,2661,2821,,,2863,2872,,4351,6975,,2260,2533,1829,1487,,,3331,3000,2697,,2992,,3243,4113,3638,,,3087,2057,1833,2489,6414,2375,,8024,8191,2455,4135,6608,4383,,,4022,2958,762,750,618,,
2002.03,3349,3595,,,3196,3141,3313,,,3551,3351,,5131,8599,,3128,2786,2307,1669,,,4335,3562,3346,,3440,,3883,4659,4308,,,3481,2448,2466,3099,7606,3053,,9610,10381,3309,5363,8028,5308,,,4854,3620,863,932,677,,
2002.04,3352,3509,,,3297,3306,3456,,,3618,3573,,5240,8036,,2641,2799,2300,1747,,,4252,3258,3113,,3644,,3744,4761,6732,,,3322,2414,2650,3186,7154,1703,,9006,9992,3216,5265,7519,5428,,,4938,3652,859,948,678,,
2002.05,4539,3595,,,3377,4003,4194,,,4589,3803,,4831,8482,,2938,2848,2029,1898,,,4174,3547,3164,,3929,,4038,5086,8048,,,3434,2687,2648,3299,7685,,,9833,11225,3590,5112,8094,5866,,,5314,3713,839,1048,689,,
2002.06,3955,3373,,,3418,3355,3695,,,4162,3783,,3951,7215,,2398,2574,1505,2007,,,3674,3258,2673,,3452,,3961,4389,3121,,,2925,2389,2132,2710,6412,1249,,10079,8539,3381,4658,7344,4999,,,4497,3315,779,1154,744,,
2002.07,3724,3522,,,3403,3401,3799,,,3458,3678,,4754,8124,,3087,3015,1584,2051,,,4420,3313,3272,,3494,,4305,4882,3839,,,3325,2651,2312,3179,7101,2174,3495,10860,9994,3414,4909,7379,5653,,,5000,3571,856,961,761,,
2002.08,3552,3459,,,3513,3597,3817,,,3442,3689,,4670,10137,,2405,3080,1728,1917,,,4506,3543,3262,,3537,,4328,4464,3696,,,3150,2600,2143,3009,7539,2703,3421,8683,9862,2873,4700,6916,5081,,,4886,3220,888,1015,759,,
2002.09,3410,3242,,,3024,3271,3324,,,3328,4020,,3847,8629,,2692,2532,1401,2249,,,4167,2778,2739,,3001,,3759,3984,3384,,,2713,2380,2104,2810,6390,2018,3261,4834,9596,3178,4712,6665,4587,,,4565,3123,828,942,693,,
2002.10,3925,3660,,,3621,3640,3907,,,3940,4524,,4642,11365,,2930,2974,1605,2433,,,4398,3324,2499,,3896,,4253,4876,4025,,,2999,2867,2302,3427,7798,2897,3463,6518,9914,3375,5090,7518,5741,,,4980,3476,837,962,762,,
2002.11,3468,3455,,,3395,3390,3671,,,3714,4166,,4505,10221,,2404,2952,1583,2354,,,2403,3013,2088,,3752,,3990,4566,3780,,39,2893,2645,2270,2965,6927,2633,3196,6361,7688,2279,4891,7269,5279,,,4808,3238,855,920,714,,
2002.12,3507,3343,,,3276,3375,3566,,,3757,4171,,4160,10018,,3292,3055,1697,2423,,,2324,2951,2072,,3537,,3580,4339,3491,,1123,2988,2502,2426,3218,6778,2568,3042,5730,8108,3098,5505,6677,4922,,,4701,3288,882,899,786,,
2003.01,3629,3341,,,3369,3170,3431,,,3587,4138,,,6243,,,5001,1849,2202,,,2370,,1979,1405,3582,,3919,4641,3645,,1305,2983,2569,2557,2853,6494,2151,3463,7228,8590,5071,5059,7099,5181,,,4652,3084,923,942,822,,
2003.02,3311,2968,,,2900,2820,3133,,,3145,3610,,,3378,,,4407,1696,2299,479,,2390,,1871,1200,3138,,3167,3965,3282,,1129,2685,2324,1983,2820,5908,1793,2744,6453,8834,5043,5205,6076,4789,,,4421,2903,853,921,751,,
2003.03,3632,3285,,,3144,3368,3576,,,3586,4030,,3881,3794,,,,1762,2702,2248,,2984,,2003,1466,3561,,3636,4416,3505,,1395,3030,2647,2409,3278,6711,2333,3126,7712,10593,5414,5626,7069,4999,,,4847,3183,960,1041,830,,
2003.04,3553,3451,,,3164,3542,3537,,,3598,4125,,9214,3946,,,,1548,2638,2378,,3008,,2195,1646,3540,,3591,4796,3527,,1408,3106,2570,2255,3217,6429,1422,3019,5389,9353,5736,5777,6771,4571,,,4701,3178,905,1033,826,,
2003.05,3409,3574,,,3263,3654,3544,,,3612,4187,,7793,8258,,,,1598,2626,2051,,3175,,2020,1545,3633,,3621,4793,3582,,1291,3273,2746,1967,2593,6532,2411,2947,5537,8649,5362,5366,7066,4257,,,4086,2800,906,1035,806,,
2003.06,3364,3301,,,2988,3541,3329,,,3384,4050,,7853,9256,,,,1523,2484,2348,,3060,,2075,1584,3468,,3270,4667,3485,,1270,3189,2499,2539,3070,6218,1590,2849,4126,8777,5620,5662,6615,2997,,,4037,2800,893,976,806,,
2003.07,3679,3649,,,3330,3777,3487,,,3590,4193,,8438,8500,,,,1617,2552,2645,,3482,,2270,1810,3766,,3762,5144,3564,,1236,3437,2678,2578,3057,6794,2120,3284,1642,9500,5933,5848,7037,4712,,,4538,2906,924,1034,824,,
2003.08,3385,3414,,,3207,3548,3355,,,3260,3699,,7467,9106,,,,1429,2708,2508,,3252,,1978,1498,3495,,3825,4608,3405,,1169,3233,2508,2336,3060,6311,2009,2775,5996,8853,5037,5425,6494,4281,,,4198,2549,882,1064,858,,
2003.09,3129,3227,,,2828,3156,3047,,,3103,3759,,6623,5091,,,5211,1330,2572,2378,,3091,,1952,1872,3064,,3377,4463,2998,,1185,2943,2317,2281,2810,6052,1830,2278,5287,9138,4908,5053,6106,3877,,,3741,2480,899,1062,792,,
2003.10,3556,3745,480,,3327,3746,3619,,,3597,4322,,8191,4372,,,4633,1530,3087,2835,,3573,,2670,2308,3509,,3888,5094,3424,,1390,3354,2792,2506,3091,7008,1609,2561,6093,13205,4986,5937,7086,4473,,,4434,2828,891,1080,803,,
2003.11,3254,3452,1149,,2974,3312,3480,,,3478,3981,,7567,4152,,,5096,1380,2893,2354,,3241,,2303,2102,3329,,3298,4704,3183,,1132,3140,2630,2415,2858,6718,1922,2523,2549,12561,5253,5635,6718,4009,,,4144,2560,838,894,793,,
2003.12,3478,3727,1306,,3088,3429,3744,,,3691,4200,,8200,7131,,,5677,1425,3028,2604,,3492,,2656,1744,3712,,3925,4751,3160,,1361,2916,2931,2761,3125,7102,2117,2768,5164,11878,5540,5694,7311,3969,,,4493,3059,911,862,814,,
2004.01,2864,3134,1128,,2736,2772,3171,,,3132,3427,,6946,6431,,,5020,2522,2490,2356,,2975,,2218,1218,3062,,3693,4838,3070,,1195,2741,2555,2161,2586,5535,1586,2193,4615,10104,4460,5056,6016,3096,,,3485,2326,868,885,802,,
2004.02,3155,3297,1171,,2819,3420,3264,,,3412,3695,,7846,4336,,,4415,1724,2997,2515,,3191,,2289,1708,3145,,3729,4736,3710,,1023,3117,2960,2484,2728,5796,1947,2394,8258,12456,5335,5674,6935,3705,,,3703,2738,814,803,781,,
2004.03,3266,3755,,,2982,3750,3623,,,3775,4188,,8573,4787,,,6304,1360,3607,3113,,3564,,2761,2207,3595,,4295,5262,4701,,1309,3429,3110,2724,2981,6575,1916,3015,8567,14059,4300,6493,7529,3737,,,4200,3115,1053,994,870,,
2004.04,3138,3449,1140,,2857,3493,3331,,,3513,4004,,7689,6683,,,6049,1169,3181,2751,,3284,,2459,1983,3526,,4048,4741,4623,,1189,3063,2759,2511,2726,6462,1789,2635,4551,11417,4264,5235,7052,3687,,,3784,2636,933,874,748,,
2004.05,3300,3618,1705,,2667,3791,3390,,,3375,3888,,7842,5621,,,6615,1205,3271,2882,,3274,,2463,1878,3240,,3915,4751,4473,,994,3055,2979,2500,2871,6927,1899,2719,7707,11070,6221,5919,6835,3402,,,3566,2485,829,861,859,,
2004.06,3436,3628,1767,,2980,4587,3439,,,3455,3964,,8157,4411,,,6092,1266,3737,3066,,3318,,2921,2030,3485,,3839,5167,4711,,1354,3220,3046,2475,2962,7200,2003,3064,6357,11595,6770,6370,7154,3871,,,4264,3092,783,841,903,,
2004.07,3322,3456,1687,,2908,4643,3668,,,3523,3721,,8434,4634,,,5709,1286,3393,3126,,3534,,2904,,3601,,3930,5172,4789,,1378,3312,2961,2608,2998,7486,2128,3106,5762,12119,6785,6179,4810,3491,,,4069,2983,835,887,909,,
2004.08,3169,3250,1564,,2863,3725,3550,,,3429,3209,,7377,7400,,,5704,1198,3480,3057,,3113,,2885,2036,3359,,4015,4982,4663,,1260,3182,2929,2456,2892,7166,1982,2996,2324,11551,7357,6035,6162,3328,,,3761,2866,687,795,827,,
2004.09,2770,2859,1536,,2617,3444,2955,,,2950,2799,,6452,4753,,,5112,1098,3134,2513,,2739,,2364,1748,2976,,3974,4652,4075,,1227,3131,2451,2319,2484,6250,1533,2673,6154,10337,6311,5120,3607,3016,,,3723,2554,750,820,882,,
2004.10,3255,3142,1001,,2889,3710,3257,,,3384,3392,,7744,4606,,,6845,1457,3467,2568,,2967,,2613,1763,3267,,5449,5092,4435,,1333,3334,2818,2197,2704,7106,,2812,6325,9552,7148,5716,5353,3902,,,4040,2834,833,837,904,,
2004.11,3212,3206,1312,,2859,3698,3318,,,3384,3266,,7616,6012,,,6518,1466,3526,2885,,2873,,2805,1668,3241,,5347,5033,4459,,1354,3220,2759,2140,2818,7035,1757,2774,5292,12070,7264,5935,6797,4753,,,4142,2924,866,843,835,,
2004.12,3271,3256,1600,,2732,3906,3547,,,3481,3477,,8420,6864,,,6638,1548,3480,2841,,3072,,2905,1750,3436,,5550,5049,4428,,1644,3130,3037,2576,2895,7121,1764,2925,7732,12174,7332,5470,6561,4232,,,4322,3065,909,881,890,,
2005.01,3941,3060,1627,,2898,3724,3570,,,3988,3206,,7881,6246,,,5858,1525,3196,3331,,3934,,2738,1601,3391,,5217,5173,3314,,1430,,2831,2703,2809,6950,1726,2729,5152,6279,7462,5853,3735,4351,,,4057,2895,899,792,760,,
2005.02,4408,2415,1199,,2535,2951,7011,,,3830,2618,,6484,3634,,,4801,1264,2792,2604,,3209,,2102,1274,2653,,4188,4049,2671,,1128,,2343,2200,2271,5531,1315,2284,5949,4867,2721,12987,8936,2573,,,3015,2038,791,659,717,,
2005.03,5701,3192,1768,,3204,3980,4754,,,4720,3624,,8342,5209,,,5812,2335,3678,3321,,4254,,2772,1797,3448,,5682,5211,3557,,1456,,3325,2749,3009,7369,1679,3106,7610,6544,7585,7106,13010,3776,,,4037,2895,925,715,731,,
2005.04,8437,3077,1602,,3027,3672,4378,,,4127,3322,,7816,5649,,,5662,1535,3153,3163,,3984,,2597,2118,3268,,5353,4679,3290,,1376,,2836,2541,2798,6780,1486,2755,8202,6136,6664,5945,9384,1371,,,3895,2743,917,800,822,,
2005.05,5776,3127,1693,,3221,3729,4544,,,4033,4399,2785,7840,4470,,,5456,1608,3088,3081,,3919,,2549,2021,3235,,5232,4744,3427,,1324,,2856,2432,2978,6945,1604,2693,7791,6165,7204,6402,7994,68,,,3857,2820,878,764,797,,
2005.06,5662,3231,1572,,3086,3957,4415,,,4011,4467,2789,7760,4436,,,5577,1687,3125,3418,,4005,,2354,2135,3189,,5290,4708,3555,,1311,,2930,2445,2961,6682,1665,2871,7323,5854,6808,5937,7584,871,,,4124,2603,823,759,744,,
2005.07,5289,2926,1581,,3052,3825,3954,,,3732,3575,2511,7826,4380,,,6085,1481,2988,3224,,3831,,2493,2115,3300,,4936,4283,3562,,1349,,3032,2382,2961,6111,1567,2890,6928,6513,6788,6021,7965,1551,,,4004,3137,883,816,837,,
2005.08,5279,4048,1651,,3058,3648,3831,,,3316,3051,2677,8150,4564,,,5840,1750,3210,3234,,3685,,2619,2095,3451,,5166,4217,3969,,1316,,2900,2448,3001,6102,1524,2933,6886,6268,6544,6020,7876,1160,,,3849,2980,894,802,813,,
2005.09,4921,3357,1396,,2961,3485,3511,,,3342,2949,2605,7183,4661,,,5235,1613,2911,2707,,3540,,2468,1949,3142,,4601,4362,3836,,1369,,2739,2170,2720,5586,1233,2484,8488,6194,6395,6001,7402,1288,,,4055,3004,849,821,803,,
2005.10,5281,3205,1233,,2912,3668,3485,,,3581,3058,2432,7566,4511,,,5562,1674,2898,2749,,3542,,2287,2273,3317,,4631,4430,3686,,1637,,2828,2347,2942,5890,1416,2555,9840,9351,6435,6105,7877,1101,,,3766,2997,874,824,693,,
2005.11,5508,3151,1580,,3103,3998,3608,,,3786,3237,2598,7638,4712,,,5828,1714,2986,2944,,3752,,2650,2125,3351,,4572,4536,3754,,1708,,2983,2327,2953,6276,1418,2402,9985,6237,6977,5844,7710,1257,,,4116,3318,898,862,826,,
2005.12,5370,2840,1704,,3213,4058,3506,,,3837,3088,2488,7731,8105,,,5743,1780,3104,2931,,3843,,2615,1876,3396,,4688,4568,3847,,1702,,2969,2377,2830,5860,1455,2525,9471,6137,6305,5963,7330,1083,,,4221,3417,902,847,824,,
2006.01,5082,3095,1673,,2931,3386,3234,,,3377,2793,2354,,3887,,,5904,1780,2435,2817,,3692,,2401,,3503,,4716,4536,3849,,1544,,2918,1752,2548,5907,1236,2172,12182,5620,6222,4053,7650,1434,,,3839,2092,850,815,792,,
2006.02,4906,2614,1629,,2932,3626,3209,,,3199,2661,2491,,3900,,,5608,1935,2648,2676,,3918,,2360,,3251,,4425,4311,3494,,1657,,2994,2293,2426,5544,1335,2223,2506,6060,6033,3730,7220,1484,,,3839,2865,673,744,728,,
2006.03,5400,2934,1455,,3140,4066,3549,,,3237,2906,2798,,4515,,,6452,2614,2891,3281,,4567,,2758,,3465,,4884,4769,3826,,1911,,3252,2620,2941,6416,1465,2559,10456,6677,6924,5300,7721,1552,,,4282,3200,766,806,859,,
2006.04,5167,2738,1577,,2918,3571,3100,,,3233,2677,2191,,4163,,,5732,2722,2885,2650,,4079,,2503,,3162,,4704,4673,3556,,1659,,3020,2433,2231,5600,1356,2313,10196,6189,6071,4726,7138,1191,,,4065,2851,744,588,654,,
2006.05,5245,3214,1749,,3129,3849,3230,,,3375,2840,2875,,3859,,,5972,2646,3081,2707,,4314,,2679,,3252,,4921,4778,3805,,1921,,3544,2503,2233,6684,1271,2327,11020,5835,6443,5924,7460,892,,,4111,2981,764,758,692,,
2006.06,4744,2681,1857,,3234,3705,3020,,,3363,2839,2596,,4099,,,5907,2821,3037,2981,,3886,,2582,,3057,,5002,4724,3661,,1707,,3167,2545,,5880,1348,2278,10328,5425,6483,5124,7483,1003,,,4284,2912,647,885,,,
2006.07,4424,2567,1830,,3066,3649,3123,,,3236,2762,2612,,3795,,,5705,2472,3297,2395,,3970,,2469,,2899,,4804,4491,3682,,1555,,3153,2223,2059,5318,1201,1708,10484,5606,6017,4044,7586,918,,,3770,2741,953,880,,,
2006.08,4764,2697,1659,,3175,3597,3044,,,3193,2804,2526,,4208,,,5510,2312,3303,2650,,4355,,2771,,3018,,4914,4681,3793,,1686,,3085,2688,2333,5674,1475,1997,10823,5413,4422,5246,7877,877,,,3955,1483,831,333,,,
2006.09,4813,2641,1854,,3148,3725,3082,,,3454,2699,2476,,4600,,,5118,2097,2907,2211,,5227,,2766,,2797,2537,4920,4392,3653,,1619,,3227,2521,2259,5348,1389,1887,11207,5361,4414,6452,7644,579,,,4147,3012,773,261,,,
2006.10,4140,2655,1467,,2709,3404,2756,,,3029,2576,2188,,4535,,,4639,2069,2693,2110,,4422,,2617,,3799,2109,4812,3929,3242,,1622,,2781,2245,2003,4840,1137,1708,9961,5674,4176,7016,6556,1200,,,3734,2601,859,358,,,
2006.11,4837,2720,1884,,3274,3883,3167,,,3346,2970,2580,,4759,,,5224,2082,2914,2225,,4823,,5053,,2805,2521,4884,4584,3665,,1888,,3254,2447,2273,5518,1369,2190,9353,6347,4535,7679,7654,960,,,4227,3117,788,295,,,
2006.12,4600,2521,1639,,3097,3737,3338,,,3293,2747,2582,,4585,,,5094,3125,2662,2209,,4923,,5063,,4248,2676,5046,4526,3716,,1876,,2507,2384,2069,5058,1219,2351,,4964,4157,6802,7636,950,,,3895,2822,750,386,,,
2007.01,4869,2704,1478,,3258,3844,3525,,,3523,2982,2484,,4709,,,3976,3548,3083,1556,,4743,,5005,,4445,2603,4890,4874,3770,,2223,,2427,2411,2295,5606,1301,2249,,5789,4439,7149,8290,1107,,,3777,3251,802,424,,,
2007.02,4582,2379,1706,,2853,3328,2985,,,3509,2565,2053,,4318,,,3666,2971,2476,,,4557,,4628,,3788,2380,4145,4072,3093,,2262,,1797,2046,2112,4298,957,2154,,5527,3890,6332,7753,862,,,3169,2793,711,370,,,
2007.03,4699,2760,1784,,3400,3958,3599,,,3582,3117,2447,,5296,,,4110,3395,2704,,,5359,,5695,,4440,2891,4925,4716,3560,,2594,,2112,2534,2448,4972,1269,2710,11733,5995,4273,9364,9356,1150,,,3752,3174,791,263,,,
2007.04,4466,2759,1900,,3232,3729,3273,,,3459,3143,2314,,4848,,,3787,3486,2617,,,5213,,5692,,4313,2489,4465,4674,3239,,2181,,1990,2339,2273,4996,1050,2339,13445,6290,4270,4927,8618,2297,,,3621,3070,815,316,,,
2007.05,4964,2995,2063,,3422,4263,3873,,,3767,3264,2559,,5207,,,3955,3656,2688,,,5549,,5961,,4546,2854,4853,4920,3484,,2485,,2250,2546,2545,5628,1215,2455,14668,6469,4423,5995,10349,1490,,,3804,3092,799,345,,,
2007.06,4833,2731,1695,,3199,3993,3501,,,3690,3158,2390,,5472,,,3903,3411,2522,,,4993,,5492,,4277,2714,4916,4880,3426,,2351,,1981,2360,2346,4904,1175,2637,10062,5998,4113,5890,9471,1834,,,3562,2962,726,331,,,
2007.07,7967,2836,1956,,5417,3878,5634,,,5844,3144,2411,,1656,,,6947,3657,2657,,,5113,,5502,,4189,2566,4967,4831,3424,,2111,,2012,2353,2875,5222,1099,2544,7836,6368,4460,5763,9657,676,,,3388,2853,769,1641,,,
2007.08,4768,2861,1840,,3450,4181,3582,,,3620,3124,2345,,10031,,,6976,3816,2845,,,5300,,5793,,4312,2710,4769,4924,3486,,2303,,2048,2590,2023,5317,1250,2543,5557,6158,4206,5427,10981,638,,,3659,2771,795,6590,3630,,
2007.09,3996,2349,1362,,2759,3434,3679,,,2908,2673,2000,,4076,,,5570,3019,2536,,,4426,,2884,,3539,2310,4166,3882,2887,,1878,,1375,2078,1629,3982,1526,1825,3285,5051,3621,4921,8379,717,,,3049,2292,749,5882,3170,,
2007.10,5096,2890,1842,,3432,4197,3561,,,3834,3305,2531,,8224,,,6851,3933,3341,,,5437,,3033,,4315,2873,5003,5468,1401,,2697,,1814,2899,2011,5544,2312,2266,5009,7138,4673,10567,10969,1382,,,3773,2930,804,6933,2721,,
2007.11,4966,2870,1996,,3396,4316,2062,,,3557,3228,2490,,8347,,,6951,3657,3274,,,5244,,3089,,4473,2754,4702,3711,3721,,2784,,1770,2814,2123,5426,1577,2325,5560,6912,4518,8541,11980,1245,,211,4575,2772,738,6317,2574,,
2007.12,4504,2966,1376,,3324,3853,3236,,,3451,3237,2625,,7326,,,7263,3475,2929,,,4511,,2838,,4851,2710,4937,3624,3942,,2508,,1466,2321,2057,4810,1353,2192,4898,6051,4196,7597,10038,1059,,484,4243,2567,808,5784,2606,,
2008.01,4624,6716,1698,,3672,4222,5787,,4694,3839,5016,2568,,8630,,,11783,3728,3435,,,4636,5098,3039,1981,4845,2864,2703,178,4195,,2668,,1762,2048,2518,5632,3222,2294,5447,6311,4492,8630,11309,580,4435,399,5021,2912,796,5637,3063,,
2008.02,6782,5401,1494,,3118,3448,4569,,3804,4738,4139,1025,,7620,136,1971,9131,3360,2963,,,4771,2601,2732,1551,5276,2310,2331,1271,4426,,2568,,1468,2808,2183,2309,2470,1945,4849,5923,3663,6709,8977,36,7415,306,3723,2329,751,4916,2975,,
2008.03,8321,4822,1733,,3357,4209,5252,,4246,6356,3399,1756,2594,9117,171,2397,10752,4284,3810,1122,,5056,3477,3341,1724,5837,2861,2701,2917,4842,,3172,1475,1718,4168,2765,1431,3181,2225,5684,6802,4649,9275,10784,237,10069,1217,4479,2756,774,5375,3338,,
2008.04,8863,3804,1805,,3424,4282,7030,,4287,7217,3292,2080,3251,8973,2253,3487,8010,5753,3766,1456,,8139,4119,5421,1937,5908,2835,2805,3555,4937,,2727,2036,1586,4086,3869,2275,2589,2137,5603,6908,4393,6056,10158,1102,10872,1338,4767,2948,778,5444,3641,,
2008.05,10151,4568,1740,,3269,4691,7452,,4403,7026,3177,2233,3240,9926,3258,3188,3802,5658,3389,1363,,11458,3911,5204,1865,5867,2759,2686,3429,5534,,2647,2178,1523,4255,2439,2302,2273,2071,10662,6322,4431,4650,10413,,9321,1504,4423,2482,816,4979,3402,,
2008.06,9800,4205,1699,,3194,4458,6015,,4349,6839,2940,2228,3214,9458,3233,3392,7208,5562,3502,1459,,8119,3847,5205,1967,5618,2679,2619,3258,5401,,2730,2043,1751,4218,3188,1966,2336,2207,11862,6126,4485,8889,10203,829,9538,1850,4707,2975,794,5015,3555,,
2008.07,10288,4052,1924,,3554,4903,6181,,4451,7138,2959,2472,3595,9184,3537,3803,7365,6364,3739,1339,,12125,4432,5773,2089,4316,3583,2885,3581,6048,,3177,1992,1902,3487,2769,2577,2746,2341,15672,6843,4845,13981,11765,978,11481,1989,5364,2967,816,5366,4045,,
2008.08,12943,3859,1550,,3060,4786,5618,,3664,6754,2756,2155,3298,8626,3351,3470,6646,5612,3518,1360,,10887,4049,5041,1900,1986,3696,2462,2874,5249,,2801,1718,1769,3976,2442,2239,3087,2268,13528,5813,4221,11307,10516,649,9610,1782,4436,2457,610,4418,3082,,
2008.09,8792,4103,1730,,3112,4950,5582,,4278,6510,3056,1961,2565,8517,2997,3661,7074,6036,3444,1700,,11638,3236,5128,1948,1932,3698,2562,2961,5205,,2641,1662,1747,4023,2673,2373,2988,2220,14639,6488,4544,13198,8409,338,11183,1991,5263,2952,778,5473,3556,,
2008.10,9688,4396,1795,,3440,5272,5849,,4691,7486,3298,2242,3479,9400,3583,4016,8200,6270,3727,1752,,8540,3109,5077,2162,2339,4184,2852,3262,5882,,2902,1761,1999,5112,2796,2492,3300,2328,18084,7573,5038,13805,12315,146,12147,2369,5792,2981,847,6423,3714,,
2008.11,10508,4154,1719,,3271,4675,5373,,4633,7032,3093,1994,2966,8489,3370,3611,7661,5690,3674,4312,,7719,3066,4997,1843,2070,3318,2607,3254,5354,,2744,1907,1706,4280,2572,2110,3007,2116,18976,6560,4639,14694,9478,343,9751,3290,4976,2811,794,6235,3461,,
2008.12,13398,4444,1884,,3345,5538,5914,,5000,7323,3246,2300,3250,9889,3830,4051,8709,6591,3726,5221,,6445,2787,5122,5142,2955,3364,2802,3392,5682,,2998,1897,2185,4231,2829,2341,3218,2389,18774,7382,4879,15473,11880,652,9970,3508,5121,3035,837,7373,3487,,
2009.01,9856,1831,1916,,3035,5027,5653,,4211,6433,2821,1780,2950,8808,3748,3524,6894,5519,3410,4335,5534,4016,2661,4732,5038,4170,2878,2460,2848,5006,2109,2559,1289,1743,4127,2398,2263,2747,2197,9828,6661,4268,14257,10568,941,9285,3751,4743,2612,839,14294,6654,,
2009.02,9131,3903,2544,,3137,5242,5885,,4401,6366,2893,1996,2651,6601,3340,3489,7444,5691,3481,5189,6738,3501,2823,4354,5170,5229,3230,2607,2979,5283,2244,2714,1618,1812,3067,2654,2273,2873,2246,6555,7630,4511,15100,10676,510,11290,4986,4667,2882,751,15567,6427,,
2009.03,8817,4392,2773,,3473,5862,7028,,5466,7085,4482,2021,2988,4213,3653,4052,8363,6474,4001,5333,7562,6365,3039,4829,5817,5515,3370,2751,3230,5248,2381,3069,1580,2006,1738,3160,2672,3085,2397,17453,8130,5208,15935,12526,32,11346,6150,5161,3499,761,16778,5917,,
2009.04,9401,4328,2827,,3405,5527,6749,,4972,7013,4964,2083,2632,8557,3380,3429,5374,6071,4078,5128,6724,11804,3002,5064,5732,5579,2913,2784,3263,5561,2431,3024,994,1926,1666,3001,2567,3173,2315,10328,7928,4885,15971,13425,,13234,5626,5408,3311,842,15236,6649,,
2009.05,7320,4211,2330,,3116,5317,5978,,4580,6545,4607,1907,2969,4311,3471,2993,7771,2393,4006,4649,6570,9802,2804,4678,5446,5358,3305,2625,2930,5342,2069,2836,1567,1764,2494,2626,2181,2905,2228,5276,6051,5021,12501,11563,,12008,4782,4934,2967,961,16053,6185,,
2009.06,7328,4283,2606,,3272,5437,5762,,4891,6952,4911,2033,3142,8057,4235,3213,8216,4707,4022,5439,7076,9516,3052,5080,5753,5544,3323,2741,3285,5385,2169,2940,1552,1942,3455,2772,2541,3005,2348,8850,7647,5106,11869,13211,,12826,5175,5505,3378,816,17231,5564,,
2009.07,7729,4328,2448,,3631,5596,5862,,4683,7113,4709,2100,3212,9591,4350,3551,9694,6228,4059,5662,6829,9976,3289,5339,5883,5876,3371,2939,3254,5339,2578,3061,1461,2116,4523,2794,2467,3387,2734,20581,8200,4967,13451,14251,,11089,4843,5524,3236,838,12162,5769,,
2009.08,7330,3977,2166,,3317,5065,5217,,4173,6208,4355,1761,2738,8439,3960,3270,8109,4955,3814,5138,6629,8560,3040,4685,5295,5636,3719,2542,3033,5148,2253,2838,1196,1753,4061,2802,2306,3278,2681,17842,7546,4633,12433,12044,,10700,4446,4603,2850,847,14634,5486,,
2009.09,7576,4576,2666,,3413,5762,6191,,5004,6807,4925,1993,3070,9038,4127,3455,9124,5755,4084,5762,6914,9704,3178,5068,5784,5585,4057,2827,3184,5332,2416,3104,1264,2034,4106,2958,2411,3474,2655,21087,7956,4960,13279,13054,,12240,5123,5189,3306,835,15591,5460,,
2009.10,8791,4424,2520,,3355,5041,6152,,4791,6785,4915,1809,2692,9329,4135,3489,8698,5329,3763,5282,7573,8926,2946,4718,5404,5781,3959,2769,2863,4963,2184,2562,1240,1776,4140,3007,2413,3293,2527,19775,8115,4713,13199,11779,,12862,5549,4584,2877,813,4662,5437,,
2009.11,8806,4231,2725,,3326,4850,5719,,4975,6855,5264,2725,2768,8873,4164,3396,8501,6550,4142,5935,10102,9258,3096,4750,5441,5462,4892,2632,3067,4818,2505,2695,1330,1919,1618,1340,2428,3482,2474,19653,7198,5071,13045,11842,1043,12453,5339,4490,3173,832,2196,3472,,
2009.12,8280,4444,2259,,3471,5316,6047,,5313,7343,5327,2688,2850,7184,4592,3699,9447,7401,4212,6116,8616,10376,3236,4832,5589,5875,5253,2888,3309,4864,2770,2891,1310,1991,3549,1329,2524,3815,2595,19504,7546,5274,13952,10779,11018,12171,5288,4903,3170,852,15697,6415,,
2010.01,7130,3917,2470,,7270,5165,5768,,4937,6468,5088,2554,2935,8449,4194,3578,8771,4763,3969,5831,8079,9246,3949,4383,5291,5671,4511,2889,2873,4616,2404,2663,1196,1637,3929,1315,2114,3362,2266,18138,7650,4804,11584,10786,10126,10047,5002,4816,2864,839,12572,6120,,
2010.02,6600,3617,2462,,5617,5054,5318,,4630,6281,4884,2592,2778,8706,3874,3170,8245,4733,3802,5744,7349,9087,3759,4215,5048,5409,4158,2497,2640,4302,2264,2553,1090,1076,3428,1226,2004,3253,2261,16599,7378,4496,3861,9177,9355,9508,5178,4677,2489,731,8409,5253,,
2010.03,7474,4492,3356,,4492,6801,6887,,5137,7490,5929,2359,3515,8706,4640,3831,10335,5738,4650,7021,10389,8898,4506,4924,5933,6523,5194,3004,3112,5151,2670,3306,1520,1177,4861,1658,2773,3979,2727,21063,8623,5862,15309,10634,10071,12395,6244,6196,3155,889,9264,6657,,
2010.04,6963,4303,2940,,2964,7550,6556,,4966,7411,5631,3026,3565,6535,4473,3376,9875,6237,4451,6431,9736,8953,4488,4994,5558,6373,5222,2866,3226,4944,2667,2953,1322,1186,4077,1497,2452,3730,2707,23578,14557,6349,14942,13800,11351,12113,6346,6774,3225,920,4726,5196,,
2010.05,7313,4159,2730,,2527,7027,6364,,4823,7389,5385,3030,3530,6118,3850,3170,9012,5576,3997,6027,9980,8983,3939,3953,5173,6268,1866,2640,2892,4028,2464,2703,1371,826,3495,1496,1862,3842,2818,23233,16448,5820,14169,14041,9708,11178,7257,4791,3130,818,3953,2962,,
2010.06,7636,4310,2855,,2811,7556,6415,,4976,7565,5581,2788,3281,8013,1901,3367,9036,6568,4082,6445,11051,9407,4298,4688,4936,6439,4135,2579,3340,4416,2482,2855,1188,1105,3757,2687,2329,3517,2383,23681,15911,9097,13798,13726,10291,11388,6419,4909,3427,692,4585,2920,,
2010.07,7769,4251,3142,,2925,8519,7158,,4574,7425,5591,3222,3277,8724,2433,3855,9222,6713,3751,6188,10946,9817,4273,4839,5029,6862,4058,2913,3391,4608,2433,2572,1311,1320,4119,2781,2102,3444,2686,24851,14682,7951,14035,11786,11172,11860,8832,4466,3294,815,4832,3352,,
2010.08,7144,3951,3182,,3000,8403,7100,,4335,7305,5625,2831,3212,7948,4014,4216,8864,6348,4032,6024,12312,7694,4187,4682,5157,6534,1428,2624,3348,4457,1328,2566,1792,1434,4147,3021,2165,3469,2523,22563,15701,7345,12123,12072,11556,12012,12434,4272,4078,830,4738,3481,,
2010.09,6278,3864,2827,,2621,7846,6264,,4202,6444,4904,2664,2848,7706,3612,4001,8152,5291,3475,5810,9701,8759,3709,4638,4620,6084,1408,2487,2966,4017,1047,2246,1633,1031,3621,2534,2130,3062,2204,22220,15158,6547,11437,13754,10814,11127,14750,3767,3345,814,4341,3149,,
2010.10,8285,4505,3561,,3015,6233,7043,,4902,6154,5391,2653,3262,8788,3988,4312,8773,6021,3909,6389,10308,9604,4392,4927,5386,6602,1655,2794,3256,4770,2249,2491,1944,1185,2384,2804,2333,3438,2354,25197,17567,7757,13887,16276,12187,14685,16306,4300,3762,825,4629,3706,,
2010.11,8381,4333,3703,,2860,4194,6496,,5187,5968,5489,2553,3435,8854,4028,4450,9202,6267,3839,6602,13173,10941,4169,5175,5232,6573,1682,2765,3312,4860,2392,2664,1232,997,3235,2874,2653,3395,2287,25314,14655,7957,13713,16489,12546,14332,16786,4489,3674,832,4034,3293,,
2010.12,8819,4550,3888,,2939,4384,5674,,5200,6346,5400,2714,3702,9412,4307,3934,9125,6795,3775,6680,12070,10553,4308,5559,5388,6340,1693,2865,3448,5044,2464,2587,1182,2529,3722,2905,3342,3816,2508,28716,17051,8151,14818,12760,12439,16554,12512,4856,4013,865,4561,3440,,
2011.01,9185,4177,3464,,2912,4157,5739,,4596,6517,5444,2446,3353,8693,4202,3923,9305,5758,3597,6233,9832,9839,4032,4826,5329,5852,1511,2840,3093,4201,2451,2494,1931,1264,3697,2946,6987,3679,2439,30161,17116,6893,16006,13031,10816,15555,10839,4612,3846,842,4043,3680,,
2011.02,7381,3262,2866,,2395,3539,4673,,3866,6034,4594,2067,2834,7382,3468,2963,7975,5117,3431,5140,7010,8611,3940,3888,4386,5109,1251,2439,2476,2893,1846,2159,1597,1088,3100,2304,4304,2908,2046,24111,16878,5626,12235,13499,9327,14124,8884,3464,3172,756,3297,4115,,
2011.03,9535,4329,3845,,2922,4079,6723,,5018,7624,5733,2769,3740,9443,4346,3793,10580,6948,4166,6285,4747,11137,4077,5550,5587,6455,1712,3058,3428,3814,2691,2744,2049,1328,4119,3006,6807,3743,2706,30434,22374,7527,15879,17005,12943,19359,9890,5041,4685,940,4050,6144,,
2011.04,8959,4342,3491,,2862,3795,6878,,5342,7473,5863,2551,3387,6454,4251,3667,9108,6060,3992,6550,4536,9900,3935,4845,5024,6458,1564,3055,3353,4091,2189,2376,1856,1194,3382,1527,6570,3019,2366,26769,19288,6906,12638,14665,12074,16244,10040,4451,4189,790,4472,3399,,
2011.05,9818,4406,3531,,2557,3729,5745,,5135,7293,5728,2485,3508,8005,4083,3492,9721,6120,4037,6305,4837,10126,3623,5119,5268,6346,1548,2909,3189,4074,2508,3010,1898,1092,3570,2526,7991,3053,2513,25477,18166,7103,11084,12489,11524,13772,11932,4208,4039,804,6964,5255,,
2011.06,9067,4620,3712,,2744,4026,5559,,5185,6959,4866,2366,3543,8607,4237,3660,9612,6112,3997,6646,4723,10094,3567,5118,4783,5602,1652,3046,3370,4270,2300,2889,1933,1429,3714,2940,6730,2854,2778,29737,18230,7076,12468,15782,11512,13208,11011,4867,4456,797,7892,6101,,
2011.07,9574,4582,4386,,2700,4154,5409,,4854,6847,4352,2270,3308,7850,4046,3580,9119,6066,3721,6533,5277,9600,2842,5027,4398,4320,1484,3339,3475,3990,2113,2863,1892,1189,3410,2392,7635,2559,2629,28587,17430,7418,12027,14785,10975,12873,10525,4824,4798,817,3305,2932,,
2011.08,8832,4526,4694,,2914,4146,5776,,4794,6724,4277,2522,3501,8738,4037,3657,9508,6245,3920,6627,5562,10281,3741,4938,5242,6545,1649,3433,3515,4150,2298,3007,1923,1290,3809,3477,6514,2971,2809,27226,18964,6976,11798,12009,10694,12837,10908,5297,4428,794,7613,6558,,
2011.09,8502,4285,4140,,2688,3757,5187,,4839,6287,4083,3084,3569,8296,3823,3330,8502,5973,3755,6300,4034,9304,3527,4832,4372,6053,1482,2994,3297,3645,2229,2767,1777,1075,3194,4650,5833,2769,2525,25117,18201,6503,11609,13198,11887,12297,10111,5454,4114,789,7890,6091,,
2011.10,9278,4538,4641,,2593,4082,5737,,4353,7030,4469,3684,3329,8778,4088,3605,8754,6229,3828,6333,4628,9612,3632,5068,5016,6891,1502,4468,3569,4230,2477,3126,1757,903,3478,3399,6363,2886,2550,26170,19577,7020,11468,13591,12421,13411,9677,5550,4508,788,7702,6249,,
2011.11,8518,4975,4947,,2984,4207,5792,,4715,7103,4742,3167,1743,9000,4166,3680,9385,6155,3969,6667,3974,10141,3657,5427,4960,6729,1555,4970,3864,4124,669,3549,1784,1059,3579,4124,6696,2976,2625,28180,26988,7461,11314,15547,12182,13307,10434,5777,4751,779,7382,6269,,
2011.12,8716,5060,4797,,2891,4124,6022,,4596,6957,4715,2916,3401,8009,4387,3763,9675,6252,3796,6683,4139,6868,3651,5520,4764,5493,1460,5522,3874,4423,1920,3629,1734,1266,3739,3146,8776,2945,2837,27282,23109,7102,10743,15347,12553,12924,11682,5099,4661,837,7400,6353,,
2012.01,7632,3933,3497,,2583,3592,6165,,3913,6308,4285,2387,2663,8396,3850,3421,8819,5426,3312,6052,3464,8465,3326,4616,4686,4839,1362,4928,3438,4021,1801,3700,1668,1009,3227,3061,7102,2874,2469,25457,17569,6799,10833,14559,12040,13191,13042,4189,4162,809,4534,6577,,
2012.02,8070,4252,3832,,2783,3959,6730,,4284,6696,4484,2494,4825,9077,4280,3583,10209,5758,3882,6392,3687,10115,3464,4891,5012,5009,1639,4083,3845,3605,2040,3643,1713,1434,3600,3360,6401,2989,2922,28107,18147,7121,10060,14705,11683,14554,14607,4983,4283,729,3691,7456,,
2012.03,11132,4010,3584,,2860,4102,6705,,4466,7172,4671,2844,6202,9782,4593,3973,10195,6279,3516,6591,3814,10562,3316,5732,5070,5240,1681,4146,4041,4033,2138,3502,1847,831,3641,2930,7340,3239,2982,30069,21037,7109,10038,14668,11967,12787,12881,1970,4520,770,4012,7671,,
2012.04,10012,3043,3364,,2456,3827,6680,,4778,6895,4366,2488,4256,6734,3642,3572,8247,5691,3368,6725,3890,9330,1469,5498,3789,4016,1505,3665,3758,4594,849,3048,1789,628,3323,2920,5267,1976,2823,29600,22960,6877,9937,13461,11177,12803,12791,2157,4274,738,1780,2581,,
2012.05,10131,3230,4243,,2891,4329,8552,,5476,7228,4766,2907,7431,8761,4357,3864,7110,6390,3804,6754,4300,10703,2912,5452,3348,4224,1608,3540,4060,4643,1710,3039,1899,768,3411,603,5346,2894,2756,32271,18431,7203,11554,15316,13584,13796,12653,2141,4317,769,4549,6192,,
2012.06,9439,3213,3904,,2657,4172,10194,,5229,6473,4448,2684,6900,9236,1399,3771,5977,5956,3516,6224,3458,9716,3220,5176,3357,3789,1432,3744,3972,4334,2004,3026,1772,561,3283,1053,4807,3011,2543,28393,15149,6642,10517,14610,12872,12161,10262,3109,3818,674,5478,7133,,
2012.07,10423,3705,3942,,2902,4382,9951,,5668,6524,4937,2499,6861,9268,3969,4181,5967,6267,3834,6750,4049,10656,2791,5655,5171,3974,1490,3636,3953,4356,2009,3931,1847,678,3218,3407,5125,3118,2620,29218,18324,7316,11706,16415,13699,13544,11610,4059,4048,632,6287,8080,,
2012.08,9347,3829,3598,,3450,4036,10912,,5297,6217,4052,2677,6471,8320,4123,4506,9197,6071,4198,6293,4103,10602,2135,5649,4792,4318,1529,3479,4033,3953,1247,4077,1844,648,3511,4207,5230,3004,2709,26840,17228,6727,10077,16137,13143,12336,11553,3661,3652,640,7156,8109,,
2012.09,8621,3331,3502,,4065,3670,8564,,5247,5944,4767,2150,5628,9229,3502,3950,8446,5937,4467,6489,4413,10116,1469,5622,4715,5834,1327,3587,3638,2584,1792,3413,1701,372,2965,3212,4731,2769,2505,25909,16306,6681,10069,14094,13008,12607,11017,3941,3907,683,7193,7060,,
2012.10,9432,3383,3366,,4856,3823,9735,,5007,6648,5057,2621,6108,9209,3989,4565,9319,6077,4554,6796,4704,10892,1219,5590,4657,5848,1391,3697,3748,4192,3395,3030,1707,641,3106,3277,4849,2951,2744,26942,17303,7038,10959,15713,13905,17180,12197,4018,3895,704,8031,7376,,
2012.11,12191,3720,4704,,6088,3717,7299,,5173,6952,4545,2361,6143,9688,4283,4455,9253,6494,4326,7103,4640,10956,1222,5965,5079,6144,1488,3839,3950,2330,3592,2932,1885,758,2276,3179,5146,3061,2951,26922,17288,7084,10336,15535,15400,17990,11178,4387,3611,667,7526,7591,,
2012.12,11115,3446,3351,,5066,3205,10293,,4838,6748,4228,2076,5849,8690,4100,4042,8374,5888,4666,6487,4275,10228,990,5025,4376,6012,1191,3834,3460,2301,2968,2755,1639,480,1354,2907,4860,2465,2606,23345,15192,6544,9809,13625,13190,15523,10713,3960,3587,668,5582,5269,,
2013.01,10849,3715,2434,,5647,3476,24973,,4898,7036,4927,2864,4714,8201,4223,4313,9221,6475,4913,6590,4674,11638,1364,5777,3076,6475,1427,4505,3944,2404,2883,2731,1797,873,1449,5216,5086,2518,2555,25619,16170,8205,11595,14042,13995,15162,,4289,4990,706,2381,4879,,
2013.02,9483,3237,3162,,4530,2662,18011,,4100,5818,4277,2572,5642,8263,3732,3753,8023,3559,4754,5633,3936,10255,1846,4882,2677,5474,1133,4161,3704,2086,3460,2324,1608,510,1102,5349,4401,2658,2303,22880,15345,7304,11479,13935,12643,7118,,3440,3731,655,3370,6921,,
2013.03,9994,3749,,,5474,3307,20913,,4345,6893,4949,2870,5053,9128,4306,4092,8938,6437,5202,6500,4846,11297,2038,5638,3751,5995,1419,4628,4295,2392,3880,2581,1893,430,1039,5900,4910,2803,2613,27370,17125,7910,13230,15186,13784,20565,,3982,4423,713,3676,7650,,
2013.04,10003,3691,,,5143,3840,23565,,4727,7120,5477,2940,3544,7728,4322,4524,9397,7336,4970,7051,5184,11986,1358,5889,2221,6474,1592,4736,4501,2426,3194,2555,1910,544,1274,4800,5182,2165,2619,30503,18922,8345,15297,14672,14189,23019,,4295,4034,719,2397,4893,,
2013.05,10241,4008,3821,,5465,4273,25831,,4686,7229,6769,2984,4635,9784,4373,4959,9560,7337,4352,6773,4670,12393,2248,5715,1969,6316,1722,4714,4668,2343,4122,2656,1914,1365,1082,5651,5418,2907,2653,32194,18147,8760,14182,14204,14111,9889,,4556,4261,720,3857,7070,,
2013.06,9099,3545,,,5535,4284,14679,,4443,6227,5158,2474,6048,8850,3954,4246,8287,6239,4096,6157,4394,10435,1953,5142,1745,5867,1412,4196,4145,2220,3680,2314,1721,1383,1079,3085,4443,2795,2435,32060,16321,8046,12898,13729,13078,21324,,4128,4203,687,4178,7612,,
2013.07,10053,3780,,,6329,5083,28251,,5322,6681,3937,2902,6897,9697,4284,4678,9597,7410,4076,6762,5388,11178,2364,6104,1120,6168,1567,4398,4139,2354,4145,2620,1879,1743,1091,2996,5172,3085,2783,34007,17160,8775,12901,14153,15003,22667,,4481,4873,748,4540,8114,,
2013.08,9455,3720,3089,,6220,4627,20725,,5547,6002,6150,2776,6219,8917,3897,3986,8399,6622,3634,5571,4831,9894,2081,5096,1744,5825,1587,4288,3927,2259,3635,2523,1676,1512,1018,3023,4693,2949,2558,35633,15000,7851,12376,14738,12778,20185,,3655,4272,760,4445,8681,,
2013.09,8904,3215,2883,,4430,4588,20358,,5058,5906,6455,2696,5167,6711,3587,3777,7257,6072,3465,5560,4424,8960,1356,4678,1403,4989,1420,3802,3187,1953,2805,2092,1438,362,781,3596,3937,2235,2136,32706,14895,7659,12731,13176,12304,19135,,3237,4380,734,5703,5729,,
2013.10,10402,4074,2026,,4978,6099,24066,,5343,6815,7862,3411,6714,9028,4444,4455,7560,7234,3882,6673,4775,11467,2088,5106,1520,6210,1784,4771,4676,2462,4159,2692,1916,898,1051,4731,5246,2828,2501,38054,16814,8784,13776,14143,14320,23836,,5430,5158,732,8628,8284,,
2013.11,9593,3965,1855,,5080,6351,19704,,6494,6412,8903,2988,6323,8866,4269,4033,6912,7106,3832,6496,4753,10310,2041,5286,1473,5951,1582,3785,4504,2339,3733,2481,1780,1854,889,2815,5057,2697,2381,38461,17029,8309,14472,13744,14602,22445,15675,4821,4651,688,8649,8363,,
2013.12,9429,3869,1742,,5166,6078,21393,,6222,7045,6983,3096,6342,8935,4023,3854,7097,7071,4691,6751,4791,10300,2020,5306,1620,5907,1528,4041,4362,2342,3808,2550,1783,1763,1110,2913,5592,2883,2550,40545,18105,8371,9672,13651,14590,21744,16900,5116,5278,743,7208,8739,,
2014.01,8467,4441,1676,,4689,7439,22020,,5491,6645,6865,2567,5912,8196,4099,3292,6915,6770,3884,5908,4441,9618,1930,4962,1538,5789,1721,3917,4191,2462,3763,2440,1557,1695,911,2765,4829,2741,2291,39926,17638,8096,14690,13405,13471,17723,18158,4353,4745,745,7240,9377,,
2014.02,7468,3992,1757,,4559,8359,21082,,5333,3291,7461,2707,6043,7433,3607,2940,6661,7060,4164,5848,4862,9512,2056,5184,1350,5164,1346,3665,4224,2181,3639,2480,1633,1671,744,2775,5061,2656,2404,38969,17961,8385,14040,12554,17205,18681,18737,4441,4550,619,6821,8811,,
2014.03,8497,4678,1802,,4396,8632,23601,,5188,3498,9434,3183,4703,7593,4144,3264,7165,7664,4562,6805,5295,10781,1597,5620,1083,5427,1535,4053,4886,2480,3306,2677,1751,1982,791,3116,5376,2453,2862,41581,18820,8653,15339,14009,19331,20451,21234,4934,4573,728,5709,6490,,
2014.04,9052,4143,1903,,5279,8107,20679,,5515,4884,8719,3331,3138,5146,1895,3375,7662,7678,4998,6370,4905,10677,2841,5723,4001,5360,1597,3954,4883,2523,2315,2631,1655,1768,2479,3096,5852,1271,2711,42723,17768,7765,14719,14292,19637,20495,,4598,4925,1016,1022,,,
2014.05,8401,3934,1665,,5073,7548,20440,,4654,6599,6146,2856,4248,7523,2180,3019,6491,5832,4285,5835,4300,9660,4398,4751,4594,4913,1458,3848,4480,3308,3820,2262,1394,1651,1980,2928,5108,3356,2920,40975,16619,6789,13198,13485,19942,20041,,5440,4878,655,8183,12779,,
2014.06,7765,5142,1501,,4252,8215,13044,,5266,6713,4521,2661,3781,4990,3767,3067,6807,5837,3776,5608,3619,9015,2578,4876,3613,5209,1305,3911,4227,3989,2771,2686,1461,434,2205,2787,4768,1460,2455,46194,17036,7361,14746,14520,20257,19917,,7350,5505,597,2442,,,
2014.07,7909,5172,1765,,4788,9274,12359,,5479,6473,4558,3298,4018,4926,4159,3511,7642,6576,4472,6176,4841,10358,2383,5991,3529,5283,1543,4571,5370,4579,2519,2679,1606,1726,2348,3083,5548,1256,2706,48391,18477,8364,15060,16741,19548,21871,,9017,6309,775,4186,,,
2014.08,6896,5154,1493,,4465,9084,11277,,7220,6207,1912,2872,4539,6286,3921,2993,6870,5570,3841,5518,3853,9020,3334,5098,4368,5158,1491,4074,4772,3994,3195,2436,1544,722,2361,2689,4947,2402,2556,46255,16716,7557,15260,15266,15840,18823,,7856,5373,758,6178,,,
2014.09,6903,5604,1544,,4390,9583,11614,,8739,5826,2484,2782,2993,7234,3454,2808,6130,5945,3721,5572,3633,9366,3818,5256,5175,4399,1092,3766,4382,3684,3776,2107,1461,670,2371,2642,4650,2735,2545,34520,17788,7192,19224,13166,16271,19587,,7131,4951,658,6376,7158,,
2014.10,7862,7462,1700,,4113,11888,16110,,9973,5260,4449,3592,3994,4884,4020,3310,7816,6472,4220,5873,4888,10437,2157,5579,4528,5185,1806,4602,5297,4572,1539,2479,1740,823,2671,3038,5596,1352,3124,47047,19350,8071,16915,15778,19334,21620,,7977,5505,734,4279,,,
2014.11,11494,9466,1725,,3654,10949,18311,,11929,3697,4444,3104,3403,4637,3754,2890,6687,6197,4150,5959,5374,10562,2016,5354,4423,4557,1631,4130,4677,3917,1445,2336,1577,744,2429,2573,4998,1215,2863,49776,16913,7955,18559,15181,17640,20350,,6824,5201,696,4136,,,
2014.12,12879,11005,1817,,4389,12452,18493,,18215,3863,4492,3389,5672,5193,3612,3287,7700,6927,4299,6574,5475,11995,2442,5748,4963,5183,1568,1967,5269,4233,1614,2486,1732,782,2702,2801,5779,1198,2858,53408,18117,8237,21120,15819,16645,20923,,6563,5567,775,1947,,,
2015.01,11187,12462,1766,,3825,12295,13747,,19256,4579,4241,2504,4747,5073,4183,2918,6730,5659,4051,5374,3916,10454,2199,4825,4535,5521,1237,4268,4205,4029,1314,2463,1666,726,2273,2228,4668,1191,2864,40581,18223,7800,16003,13925,18860,19583,6748,4711,5026,761,1161,,,
2015.02,8882,10279,1500,,3013,10145,13905,,16424,4976,3162,2541,2332,4165,3367,2582,6333,5617,3430,5007,3256,9606,1815,3984,3496,4430,1310,3364,3526,3827,1229,2042,1338,655,1827,2324,3997,815,2711,33901,15966,6461,18903,12487,18025,18405,5906,4897,4150,689,3898,,,
2015.03,12678,12065,1936,,4219,12951,17423,,15537,6166,5031,3356,2450,6165,4165,3154,3605,4076,4773,6117,4881,7771,2362,4898,2699,1823,1689,4438,4383,2253,1505,2685,1704,670,955,2897,2476,2438,3196,51432,20136,8414,20197,16130,21065,22314,7457,5948,5384,814,4356,,,
2015.04,11294,11377,1155,,5261,11162,23669,,12467,5860,5244,3734,2690,8226,4125,3083,3897,4465,4929,6625,5078,8144,2319,4977,2587,2013,1643,4439,4494,2298,1719,2429,1736,1620,1564,2959,2582,2308,2794,44804,18780,8249,18242,16749,22476,22290,7565,7818,5447,804,4141,,42,
2015.05,10939,11689,2224,,4310,10030,41347,,11961,5994,4518,3307,2487,8044,3779,2574,3320,4088,4986,5491,5009,4424,1868,4239,2286,1457,1502,4303,4099,1827,1880,2195,1533,1644,1338,2502,2254,2127,1991,39733,17056,7578,17936,15452,20465,19309,6185,8099,4471,772,3448,,103,
2015.06,11306,12347,2417,,4259,10776,49406,,14488,5702,5247,3476,2691,8257,4066,3000,3870,4454,4965,6381,5405,4630,2233,4678,2388,1892,1851,4458,4509,2221,2159,2495,1827,1812,1483,2785,2443,2232,2449,44194,18949,8378,19726,15982,20905,21976,6680,9465,5286,816,3291,,8806,
2015.07,11878,11915,2634,,4296,13544,46945,,14188,6144,5755,3924,2706,8689,4220,3091,4235,4483,5016,6418,6224,7360,2155,4750,2444,2140,1840,4318,4734,2247,2259,2439,1937,2010,1577,2934,2620,2340,1958,42359,19440,8335,20162,15118,20661,22342,6928,9680,5629,790,1544,,12490,
2015.08,17147,11971,3664,,4861,13145,44265,,12074,7613,10085,3269,2418,7530,3880,2652,6742,2789,4771,5746,5180,4557,2083,4101,2304,3831,1666,4204,8714,3885,2020,2274,3003,1513,2829,2798,2364,2198,1709,37679,17673,7865,16720,14614,18082,19115,6326,8749,5012,803,4098,,12901,
2015.09,7060,11382,2181,,1450,11594,20428,,13497,2917,7064,3605,2430,7729,3844,2711,5185,3983,4615,6089,5171,7663,1853,4356,2199,2075,1581,4093,5823,2474,2480,2089,1873,1644,1848,3134,2312,2038,1895,28272,18191,7936,13236,10651,18596,19325,6857,9541,5430,755,3609,1296,14314,
2015.10,7289,10687,2208,,1653,10415,20355,,11882,3367,8240,3726,3380,8528,4206,2884,5576,3997,4828,6220,5351,4639,2154,4013,2523,1723,1628,4424,4768,1898,2231,2379,1721,1543,1582,3130,2441,2196,1871,14729,18630,7382,18922,11798,19116,20493,6654,9328,5350,776,3999,1368,15036,
2015.11,7171,9958,2829,,1374,5486,25493,,12117,4768,8863,3813,3053,8406,3966,2773,5730,4085,4903,4898,5564,4636,2164,3838,2666,2027,1660,4078,4605,2057,1822,2694,1671,1528,1560,2996,2313,2133,1817,35232,18798,7487,19106,15091,18838,20856,6703,11405,5238,786,3961,1291,14356,
2015.12,9373,10439,3260,,3799,5230,29571,,12303,5076,11842,4032,1911,9168,4216,2956,7201,4174,5238,6323,5495,4835,2335,3757,2339,2491,1524,1425,6448,2491,1802,2638,2479,1670,2274,3227,2394,2243,1886,15811,17918,7137,20391,5642,19091,20454,6605,13985,5397,776,3899,1544,15216,
2016.01,7526,9958,2308,,2452,5998,19390,,11552,3334,5895,4930,2279,9654,4086,2723,6255,4953,5423,5895,6629,6382,2183,3972,2439,1947,2332,3737,4435,2179,2079,2576,1690,2434,1419,3818,3231,2141,2725,21377,17133,6915,19898,14309,17575,27045,6308,12276,4830,743,4124,1544,14585,
2016.02,6358,8724,1977,,2696,6704,18543,,8222,3127,4753,6589,2728,9821,3605,2687,6179,7293,5304,7529,5026,7396,1734,3978,3403,1787,2840,3519,4295,1972,1404,2408,1272,3066,1237,4684,4239,1825,2667,23147,17315,6954,18262,13264,17529,18671,5207,9019,4282,673,3515,1502,14885,
2016.03,7493,9834,2682,,3360,7407,12363,,6919,4029,6591,4705,3461,8668,4466,3221,6166,4496,7361,6740,4777,7470,2093,4236,2257,2263,1904,4029,5056,2480,1633,2915,1710,1866,1548,3371,2682,2075,1548,25268,26131,8716,19521,16236,17213,21350,7852,8448,5051,704,4020,1499,13818,
2016.04,7015,8941,2315,,2992,7006,10227,,6121,3271,5814,4266,3136,4993,4031,2809,5863,3975,6740,6272,3590,4881,1974,3700,1731,2123,1808,3500,4537,2222,1604,2491,1759,1709,1467,2930,2403,1769,1280,24573,25350,11417,14981,15127,15891,19040,7564,9123,4668,695,3734,1454,12572,
2016.05,7081,10313,2298,,3100,7646,10847,,5957,3386,6044,4795,3156,3101,3934,2885,6245,4175,7018,6058,3811,4401,2149,3109,2007,1917,1584,3638,4784,2195,1366,2508,1822,1650,1613,2957,2376,1823,1286,25512,27139,12210,14432,15540,15815,19386,7199,11014,4926,738,3775,1437,12657,
2016.06,6957,10002,2358,,3293,7149,10381,,5993,3245,6103,4452,3139,3202,3989,3144,6162,4094,6886,3090,4028,4325,2072,1458,1792,2194,1866,3845,4281,2196,1402,2387,1864,1729,1805,2949,2364,1740,1248,29642,25438,13066,14256,15591,15347,20292,7074,12946,4882,713,3887,1417,11887,
2016.07,6460,9294,2449,,3312,6938,10049,,5988,3406,5589,4530,3004,3348,3886,3506,6448,3822,5952,3011,3669,4217,2196,1980,1796,2007,1705,3827,4371,2266,1484,2507,1800,1776,1607,3006,2431,1118,1411,28958,22550,14134,14737,14741,13924,20137,6432,11542,4485,742,3852,1424,12048,
2016.08,7444,8975,2084,,3531,8988,9810,,7099,3997,5987,4796,3109,3584,4007,3618,6762,3799,6215,2917,3629,4161,2281,2089,1865,2201,1630,4022,5194,2198,1458,2534,1778,1760,1580,2962,2467,1159,1399,27518,39817,16779,14237,15897,14024,19689,5909,11197,4445,594,3435,1417,12016,
2016.09,5751,8142,1990,,3057,8374,8748,,6592,3643,5385,4315,2908,3299,3452,3444,6068,3645,5800,2816,3136,4073,1936,1880,1551,1969,1623,3778,4732,1943,1412,2077,1696,1573,1462,2758,2136,931,1412,26370,24186,12168,14040,13897,13113,19644,5744,10341,4228,746,3738,1462,11728,
2016.10,6158,8914,2169,,3220,9129,9787,,7644,3999,6249,3960,2916,3469,3663,3487,6577,3633,6416,3142,3631,4149,2012,1895,1958,1965,1520,4247,5492,2307,1466,2458,1736,1632,1546,3125,2186,771,1452,28318,25773,15935,13998,16330,13456,21231,6343,12974,5070,745,3758,1477,11800,
2016.11,7148,6910,2252,,3516,8873,9597,,7552,4050,5489,4484,3127,3478,3858,4147,8639,3647,6789,3001,3992,4413,2292,2139,1885,2317,1543,4415,5286,2086,3144,2492,1823,1706,1601,3294,2394,713,1398,29705,28072,18414,12972,16219,13279,22282,6529,12664,5406,784,3762,1484,11509,126
2016.12,7006,6881,2689,,3382,8558,9162,,8400,3722,5779,4417,6797,3634,3972,4005,8332,2807,6857,2833,3972,4608,2240,2116,1842,2377,1791,4091,5973,2371,3177,2426,1790,1721,1619,3204,2402,575,1432,28061,27239,19700,14182,15290,12718,21136,6719,11836,5602,761,3825,1460,10466,2347
2017.01,6475,6477,2076,,2985,7954,9103,,8790,3500,5162,3538,6741,3506,3676,4016,8866,3091,6269,2545,3854,4208,2140,1728,1819,1850,1641,3562,5712,2099,3555,2342,1528,1531,1354,2917,2094,925,1340,26235,26905,17734,13853,13719,11706,18727,6534,11347,4825,764,3620,1633,10468,2402
2017.02,7062,6117,2295,,3085,7500,9012,,8692,3324,4995,3888,6971,3599,3609,3791,9100,3149,6060,2534,3629,4344,2054,1905,1799,1933,1636,3608,5844,2120,3523,2293,1701,1651,1480,2954,2246,916,1353,25004,26238,17632,13381,13920,11766,20382,6328,8632,4495,698,3516,1675,10806,2241
2017.03,7928,7092,2421,,3316,8356,9260,,10224,3749,6142,4231,8338,3081,3972,4199,10058,3853,6157,3098,4123,5009,2220,2261,1987,2112,1796,3805,6967,2347,4219,2571,1948,1988,1747,3532,2520,1059,1648,28598,32659,22260,13872,15439,12998,22758,6870,8415,5458,807,3692,1834,11306,2525
2017.04,7109,6928,2230,,3168,7646,7680,,10862,3506,5688,3920,7260,2607,3597,3992,9554,3766,5806,3046,3959,4417,2020,2074,2064,2179,1621,3378,5887,2139,3401,2449,1620,1607,1403,3146,2120,980,1550,26674,28000,19706,12416,13565,12291,19880,6455,8448,4967,713,3521,1798,10522,2337
2017.05,7282,8581,2088,,3112,8472,6866,,10279,3648,5606,4020,7869,2953,3848,4029,9968,3485,6113,2730,3650,4476,2113,1919,2000,2237,1567,3839,5806,2366,3551,2494,1922,1787,1724,3360,2459,1108,1596,28218,26625,18971,13290,13616,12507,19671,5966,8077,4893,793,3812,1813,9942,2399
2017.06,6706,8491,2256,,3299,8542,7634,,9723,3438,7760,4013,7529,2896,3762,3799,9078,3552,5740,2714,3599,4584,2180,2054,2020,2349,1665,2825,5972,2275,4384,2337,1839,1672,1623,3247,2309,1016,1461,24569,25669,19479,14112,13900,12459,19455,2352,7437,4956,762,3783,1904,10532,2553
2017.07,7184,9234,2298,,3298,8237,7445,,9325,3546,9259,3646,7300,2938,3688,3945,9762,3786,4783,2884,3975,4114,2133,1959,2005,1892,1436,2899,6029,2317,3661,2467,1774,1616,1607,3298,2218,855,1517,22606,26774,20610,15136,14584,12761,20432,2285,8598,4603,763,3868,2046,11361,2347
2017.08,7381,8516,2124,,3359,8245,8590,,9370,3634,9282,3738,7140,2936,3882,3811,10736,3457,5837,2707,3819,4244,2312,2064,2029,2452,1747,3034,6258,2382,3149,2367,1869,1339,1666,3179,2365,982,1526,21288,26533,20595,15116,14126,12380,19937,1904,7968,3034,4048,3597,2068,11420,2341
2017.09,6883,10477,2124,,3280,8316,7996,,9182,3421,8739,4020,7229,2840,3811,2698,11081,3576,5601,2844,3515,4557,2239,2157,1802,2794,1635,2861,6022,2266,3840,2230,1732,1413,1532,3064,2234,957,1482,19805,25959,20837,13228,14001,12541,21269,2147,7811,3526,2916,2598,1906,10595,2265
2017.10,6172,8415,1746,,2591,7316,7307,,8135,3133,8599,2839,6359,2176,2942,2567,9704,2959,4726,2421,2548,3391,1829,1652,1549,2296,1404,2535,5303,1876,2862,1882,1442,1123,1181,2524,1755,868,1271,18133,22654,19436,6051,13490,11183,20202,3170,7288,4389,2730,1139,1676,10860,2090
2017.11,6215,11365,2395,,3429,8680,8633,,9603,3942,10120,3826,7478,2842,3968,3691,11748,3901,5841,3105,3428,4718,2211,2040,1744,2920,1786,3022,6106,2372,2489,2378,1835,1479,1643,3269,2316,973,1388,20362,26432,24919,8231,15620,13453,22656,4730,9970,5760,3412,1310,1898,11466,2281
2017.12,5432,9386,2075,,3095,7876,8206,,9014,3598,8858,3725,6916,2763,3994,3274,11212,3373,5664,2679,2863,4298,2062,1867,1681,2724,1690,2821,6185,2336,2569,2108,1768,1360,1433,2817,2163,963,1308,19039,24863,30093,7216,14163,12442,18689,4557,7844,5276,3175,1750,1847,10788,2297
2018.01,5837,9381,1916,5981,3454,8219,8513,9161,7803,3915,9020,4046,7097,3019,4107,4051,11647,3546,5516,2912,3358,4429,2244,2023,1787,2934,1837,3679,6441,2338,2846,2178,1893,1375,1450,3032,2219,975,1411,19663,26467,40244,9901,15597,14070,20270,5282,9261,5298,3126,3402,2014,11769,2504
2018.02,6581,8176,1640,4472,2779,7124,6547,6952,6686,3337,6721,3405,8136,3300,3345,3228,10036,2814,3064,2387,2511,3809,1919,1776,1360,2312,1640,2977,5799,1962,1584,1698,1529,1129,1289,2938,1837,855,1448,16369,36254,32586,6745,13190,11277,19126,4603,7665,4539,2663,2628,1245,7869,2125
2018.03,6376,8106,1932,5311,3277,7828,8037,8006,7607,3712,8484,3958,9561,3781,3914,3765,11842,3455,3833,2904,3166,4661,2161,2137,1671,2953,1883,3480,6628,2479,1885,2264,2109,1584,1667,3396,2457,950,2230,19314,14948,37418,7752,16017,12305,18998,5716,7636,5254,4195,3499,1707,9111,2333
2018.04,5617,8961,1874,5040,3265,7825,7622,7518,7471,3600,7715,3965,9752,3498,3698,4340,11355,3729,4107,3157,3216,4682,2193,2202,1722,2764,1865,3560,6773,2266,1888,2405,2026,1543,1778,3433,2376,841,2362,19580,14060,40446,8224,14974,11684,20930,5571,8499,5365,4027,3553,1765,9049,2134
2018.05,5665,8515,1903,5037,3444,7944,7847,8094,7463,3683,6260,4239,8324,3555,3667,4198,11739,3686,4200,3049,2955,4808,2172,1931,1648,2703,1883,3137,6916,2385,1850,2318,1981,1607,1698,3414,2228,892,2551,19889,13663,41560,8694,20513,10937,20001,5040,8721,4994,4317,3742,1922,11006,2253
2018.06,5709,8357,1740,5108,3040,6962,7316,7765,7395,3430,6884,3785,5986,3330,3696,3109,9526,2961,3591,2520,2886,4207,2038,1980,1500,2662,1771,2978,6611,2126,1660,1891,1642,1389,2175,2947,2096,892,2062,17995,13203,35798,7406,18362,9671,18349,4691,7140,4327,3942,3271,1772,10462,2043
2018.07,5596,8819,2106,5297,3274,7238,7796,8089,6762,3655,7911,3937,5856,3486,3717,4116,10939,3509,3853,2858,3653,4255,2347,2213,1781,2754,1840,3778,6722,2196,2052,2290,1875,1444,2302,3245,2168,977,2122,19180,13325,38628,7448,17391,10594,19463,5002,8950,4662,5126,3645,1912,11709,2577
2018.08,5758,8962,1935,4864,3381,6863,7483,8025,6800,3759,5824,3689,5737,3567,3818,3706,10520,3217,3745,2663,3392,4202,2361,2187,1564,2779,1879,4121,6760,1823,1799,1917,1908,1460,2034,3068,2332,968,2011,18459,13354,33495,6982,15846,9860,18739,4277,8865,5273,4871,3259,1646,11378,2447
2018.09,4982,7641,1578,4535,2731,5855,6021,7091,5972,3018,5756,3159,6696,2950,3101,3372,10151,3115,3669,2510,2998,3837,1705,2143,1362,2077,1387,3513,5559,1430,1698,1640,1411,1092,1686,2827,2110,758,1796,16628,12165,30191,5573,13898,8968,18046,7928,6891,4689,3896,2804,1584,9739,2057
2018.10,6129,8618,2176,5673,3302,7621,7732,8445,7128,3675,7282,4120,8191,3649,3676,4077,11587,3538,4595,3039,3803,4659,2194,2365,1599,2693,1893,4662,6746,1804,2030,2099,1934,1446,2286,3472,2667,976,1936,20106,14835,38787,6406,18196,10767,21196,11844,9492,5448,5018,3290,1848,11315,2570
2018.11,5636,9410,2330,6253,3453,7526,8041,8612,7008,3527,7686,4433,8327,3679,3811,3932,11300,3416,4315,2801,3861,4653,2407,2425,1598,2542,1732,4579,6824,1732,2004,2013,1852,1386,2139,3279,2691,936,1908,20022,13744,35202,6921,17411,10460,21096,9648,10144,5732,4863,3351,1851,11341,2423
2018.12,5285,7318,2106,5793,3107,7000,7019,7445,7327,3265,7224,3982,7821,3568,3664,3864,10536,3567,4320,2584,3693,4162,1928,2296,1520,2476,1579,4501,6639,1701,1974,1852,1722,1244,2103,3094,2901,838,1705,19130,13143,31736,5628,16223,9489,18243,9076,7725,5726,4559,3375,1698,10926,2529
2019.01,5930,8964,2151,6265,3410,7252,7412,7883,7287,3684,7947,3891,7795,3776,3759,4420,10746,3560,4072,2776,3861,4147,2276,1959,1718,2544,1764,5363,7337,1688,2047,2115,1824,1370,2263,3296,3269,836,1989,19809,15048,35006,6466,16766,10682,19957,13187,9153,6087,4813,3641,1755,11601,2683
2019.02,4621,7223,1645,5031,2636,6171,5835,6587,5854,2792,6549,3061,6002,2919,2979,3286,8871,2760,3312,2012,3046,3248,1719,1353,1249,1791,1330,4256,5942,1362,1510,1544,1433,1096,1730,2785,2644,705,1703,16095,12780,25466,4879,12678,9110,15801,8704,8145,5219,3793,2860,1504,9991,2120
2019.03,5996,8948,2100,6065,3080,7457,9322,8182,7439,3397,7820,4035,8231,3392,3620,4228,10500,3624,4770,2647,3793,4336,2033,1608,1630,2250,1538,4850,6873,1768,1887,2102,1862,1382,2177,3246,3285,822,1945,19499,15122,30087,6125,15934,10135,18609,10343,8137,6409,4454,3330,1725,11822,2461
2019.04,5772,8740,2293,6321,3292,8298,11163,8853,7819,3442,8419,4260,8504,4526,3459,4486,10562,3637,4868,2724,3855,4852,2261,2723,1745,2310,1693,5387,7474,1775,2050,2053,2090,1439,2119,3405,3707,880,1805,21054,15506,30867,6028,16549,11489,19120,9971,9835,7029,4568,3284,1721,12542,2585
2019.05,5456,8972,2212,6489,3217,8419,10732,9364,7527,3449,8111,4027,7564,4134,3506,4309,10531,3557,4787,2654,3924,4805,2337,2660,1636,2438,1565,5137,9461,2070,1868,2062,3054,1397,2106,3399,3667,914,1857,20773,14777,31443,6010,17107,10338,17327,9713,9904,6872,4568,3305,1731,12774,2556
2019.06,5213,8772,2045,5615,2668,7464,10324,8521,7207,3218,8084,3523,6749,3256,3376,4358,10043,3322,4668,2450,3528,4160,2264,2122,1576,2121,1436,4333,8444,2051,1861,1888,3031,1397,2151,3170,3515,803,1675,19057,14191,28670,5491,16077,9158,15813,9562,7638,6386,4028,3183,1541,11673,2379
2019.07,5702,11516,2407,6097,3206,8418,10237,8646,7819,3504,8470,4139,7242,3512,3517,4545,11135,3590,4866,2729,4983,4695,2649,2541,1821,2343,1636,4778,8837,2302,2061,2245,2879,1456,2377,3442,3650,931,1709,21322,16022,34035,6133,16791,10338,17813,11293,8999,7317,4764,3744,1780,12773,2765
2019.08,5449,10309,2093,5971,2944,7721,9248,8249,7261,3222,8083,3528,6857,3203,3423,3862,10353,3051,4175,2393,4293,4153,2420,2298,1539,2155,1515,3880,7989,2171,1574,1909,2225,1666,1945,3005,3369,925,1943,19326,14199,33237,5864,16529,9150,17078,9955,4966,6701,4599,3644,1714,12117,2481
2019.09,5207,9767,1980,5778,2561,7368,8568,7778,7377,3036,8422,3617,6644,3020,3028,4282,10783,3206,4821,2665,4867,4245,2226,2164,1573,2032,1356,4233,8365,1923,1943,1939,1857,1854,2358,3087,3413,800,2221,18109,14434,28282,5806,14904,9653,16631,9129,5047,6788,4209,3169,1547,11474,2336
2019.10,6099,10220,2264,6230,2838,8163,10951,8796,7959,3200,9096,4065,7140,3675,3497,4600,11190,3555,5150,2725,4824,4815,2461,2377,1678,2279,1379,4509,8565,2290,1848,2066,2185,2719,2655,3233,3681,912,6720,19812,17173,28459,6285,17134,10769,19039,9542,5711,7935,4618,3568,1725,12142,2678
2019.11,5564,9389,2252,5584,2701,7986,9342,13876,7320,2935,8600,4019,5709,3576,3533,4144,10856,3619,4970,2562,4551,4741,2507,2451,1532,2136,1171,3959,8045,2170,1871,1850,1916,2325,2331,3020,3551,847,9566,18938,15599,15397,5919,15896,10453,17209,9266,5473,7475,4337,3271,1621,11568,2567
2019.12,5544,9576,2223,5430,2712,8161,9005,14191,7599,2911,8652,3985,4051,3581,3621,4619,10993,3890,5598,2670,5015,5094,2587,2595,1584,2148,1348,4126,8504,2168,2042,1995,1952,2420,2600,3310,3020,916,1576,20010,15246,14179,4849,16040,9767,16468,9809,5567,7330,4462,3316,1679,11772,2641
2020.01,5261,9670,2030,5401,3171,7809,9047,15689,7314,2939,9019,3175,3516,3413,3366,4063,9348,3286,4297,2452,4345,4476,1946,2325,1586,2080,1328,4040,7099,2226,1803,1850,1706,391,2232,2899,1404,772,1988,18877,16625,13943,4390,15894,9516,17655,10455,4902,7052,4174,3232,1687,12513,2630
2020.02,5540,10155,2023,5422,3285,7623,8875,16487,7831,3100,9537,3202,4022,3342,2958,4045,8854,3458,4821,2592,4729,4433,1711,2429,1718,1931,1246,4826,6994,2146,1778,1939,1741,131,2461,2934,1671,766,1828,18939,17422,13923,4459,16212,10906,17751,11100,5016,2764,3793,3086,1675,13027,2451
2020.03,6020,12455,2313,5756,3699,9526,10979,27975,9239,3554,10683,3730,4632,3073,3153,4877,9900,4271,5990,2952,5566,5141,1565,2895,1872,1889,1371,5460,8024,2109,2033,2098,1814,3075,2946,3538,1910,837,2116,22576,20258,15130,4934,17549,13046,19250,11701,5754,4327,3774,3135,1721,14454,2830
2020.04,5398,10476,2182,5355,3423,8914,10542,24475,8093,3364,9106,4024,4211,2474,3076,4145,6603,4002,5479,2661,4592,4636,1477,2417,1601,1940,1468,4185,6789,2074,1697,1901,1816,2695,2591,3040,1523,856,1756,20854,15815,13870,5278,16682,11532,16861,10164,5049,4411,4079,2899,1691,12702,2498
2020.05,5304,9872,1966,5326,3453,8555,10187,14652,7841,3140,9016,4141,3782,2244,3198,3858,6454,3617,4553,2452,4591,4384,1424,2144,1630,1692,1249,3960,6347,2110,1629,1613,1557,2196,2312,3030,1700,806,1455,19836,15036,12767,4331,14694,10726,17019,10483,4715,5379,4279,2740,1695,11844,2350
2020.06,5544,10077,2262,5877,3700,9048,10713,13067,8276,3409,9735,4466,4206,2502,3285,4127,6035,4086,4608,2939,5371,4853,1812,2223,1858,1907,1398,4094,6582,2136,1906,1516,1899,2546,2746,3521,1855,715,1423,21159,15722,14110,4008,16003,12181,19649,11575,5458,6443,4310,2812,1854,12231,2401
2020.07,6061,10583,2341,5796,3670,8962,10959,13276,8879,3439,9406,4578,4386,2669,3400,4221,6911,3901,4691,2848,5461,4994,1982,2429,1749,2032,1503,4506,6582,2348,1968,1688,1843,2450,2657,3480,1904,735,1487,21799,15880,14866,3870,15902,12387,19035,12260,5242,6789,4646,2686,1995,12707,2462
2020.08,5490,9638,1976,5517,3309,8408,10772,11782,8234,3327,9612,3923,3943,2484,2819,4002,6258,3940,4076,2788,5283,4136,1641,2415,1526,1701,1260,3626,6079,2188,1764,1319,1694,2287,2563,3112,1824,612,1360,20137,15183,13418,3381,15242,11266,16935,6915,4436,6412,4403,2595,1826,12883,2443
2020.09,5131,9698,2227,5914,3506,8493,10852,4905,8892,3364,9302,3791,3790,2486,3163,4004,5314,3871,3467,2746,5310,4573,1625,2512,1745,1870,1451,4037,7314,2219,1722,988,1741,2285,2373,3339,1814,665,1297,21084,13848,14235,3703,16015,12232,17809,7010,5157,6546,8693,2512,1825,11745,2347
